0.2357131	50.000000
0.29081368	50.000000
0.2553284	49.000000
0.32359895	49.000000
0.17658167	49.000000
0.28875434	49.000000
0.0	49.000000
0.31911543	49.000000
0.19797242	49.000000
0.0	48.000000
0.1395857	48.000000
0.2706133	48.000000
0.19702357	48.000000
0.24477689	48.000000
0.17225209	48.000000
0.18339285	48.000000
0.22025077	48.000000
0.2677921	47.000000
0.25466394	47.000000
0.1573444	47.000000
0.14100134	47.000000
0.28291202	47.000000
0.36584884	47.000000
0.2622347	47.000000
0.26133192	47.000000
0.2924815	46.000000
0.30121267	46.000000
0.20752294	46.000000
0.3216627	46.000000
0.17604503	46.000000
0.15739195	46.000000
0.2812854	46.000000
0.26662618	46.000000
0.3113379	46.000000
0.31228864	46.000000
0.2428279	46.000000
0.39125746	46.000000
0.12481596	46.000000
0.21692456	46.000000
0.14578982	46.000000
0.17568327	46.000000
0.3214447	46.000000
0.18627632	46.000000
0.25938258	46.000000
0.181941	46.000000
0.41497448	46.000000
0.18725796	46.000000
0.21706124	46.000000
0.13994586	46.000000
0.35224843	46.000000
0.24567905	46.000000
0.3203016	46.000000
0.27631897	46.000000
0.12245665	45.000000
0.19201215	45.000000
0.4222873	45.000000
0.34879008	45.000000
0.07971461	45.000000
0.23966487	45.000000
0.20110889	45.000000
0.26491538	45.000000
0.22175957	45.000000
0.18987839	45.000000
0.21613985	45.000000
0.27599952	45.000000
0.32787463	45.000000
0.42243686	45.000000
0.09442713	45.000000
0.27462682	45.000000
0.26719633	45.000000
0.24556881	45.000000
0.16400644	45.000000
0.0999596	45.000000
0.34308818	45.000000
0.22986975	45.000000
0.22812562	45.000000
0.2776319	45.000000
0.085596725	45.000000
0.2966671	45.000000
0.23962101	45.000000
0.109978646	45.000000
0.3067429	45.000000
0.3049597	45.000000
0.1973979	45.000000
0.2322443	45.000000
0.25124404	45.000000
0.031641703	45.000000
0.27263907	45.000000
0.23913495	45.000000
0.0	45.000000
0.0	45.000000
0.22585891	45.000000
0.0	45.000000
0.26610324	45.000000
0.20879668	44.000000
0.16913533	44.000000
0.26319104	44.000000
0.3522986	44.000000
0.12498467	44.000000
0.20350751	44.000000
0.114304475	44.000000
0.12995793	44.000000
0.38334504	44.000000
0.05037798	44.000000
0.2243415	44.000000
0.18527159	44.000000
0.14850461	44.000000
0.0	44.000000
0.1523864	44.000000
0.12663281	44.000000
0.16006249	44.000000
0.18545954	44.000000
0.2174632	44.000000
0.1927325	44.000000
0.08523777	44.000000
0.28140393	44.000000
0.19007513	44.000000
0.16887978	44.000000
0.1599349	44.000000
0.21249694	44.000000
0.0	44.000000
0.18187514	44.000000
0.25117168	44.000000
0.18860619	44.000000
0.18839237	44.000000
0.0	44.000000
0.20300475	44.000000
0.12790467	44.000000
0.3105376	44.000000
0.2280889	44.000000
0.2911412	44.000000
0.20795745	44.000000
0.2664302	44.000000
0.3507654	44.000000
0.19428742	44.000000
0.21420155	44.000000
0.0	44.000000
0.15025641	44.000000
0.23393768	44.000000
0.18382096	44.000000
0.15455043	44.000000
0.19219431	44.000000
0.20192255	44.000000
0.0	44.000000
0.21113984	44.000000
0.2291926	43.000000
0.17080107	43.000000
0.24849114	43.000000
0.1732692	43.000000
0.1767372	43.000000
0.11275	43.000000
0.085650094	43.000000
0.26295248	43.000000
0.30903518	43.000000
0.12567204	43.000000
0.25730574	43.000000
0.1873784	43.000000
0.18993233	43.000000
0.19510219	43.000000
0.28841874	43.000000
0.19905962	43.000000
0.25840828	43.000000
0.24345605	43.000000
0.27076432	43.000000
0.10355696	43.000000
0.3247599	43.000000
0.0	43.000000
0.17045721	43.000000
0.31070995	43.000000
0.107669085	43.000000
0.27452412	43.000000
0.0	43.000000
0.0882871	43.000000
0.26052308	43.000000
0.18321025	43.000000
0.23071142	43.000000
0.0	43.000000
0.1320569	43.000000
0.2822078	43.000000
0.41490993	43.000000
0.32343087	43.000000
0.36077014	43.000000
0.19697382	43.000000
0.0	43.000000
0.2846956	43.000000
0.082201645	43.000000
0.13694167	43.000000
0.18910334	43.000000
0.28907695	43.000000
0.33735862	43.000000
0.23159374	43.000000
0.08310469	43.000000
0.2873175	43.000000
0.2915222	43.000000
0.3441158	43.000000
0.28582242	43.000000
0.15222876	43.000000
0.13619523	43.000000
0.1306154	43.000000
0.027311197	43.000000
0.47153306	43.000000
0.13197492	43.000000
0.16567239	43.000000
0.3041404	43.000000
0.21638434	43.000000
0.31983218	43.000000
0.22850275	43.000000
0.0	43.000000
0.10882978	43.000000
0.18313469	43.000000
0.12930714	43.000000
0.22722854	42.000000
0.18197009	42.000000
0.30874762	42.000000
0.2851078	42.000000
0.13853294	42.000000
0.111645505	42.000000
0.07110132	42.000000
0.29554397	42.000000
0.12947734	42.000000
0.22283073	42.000000
0.0421849	42.000000
0.1514772	42.000000
0.22249189	42.000000
0.21609144	42.000000
0.15703584	42.000000
0.37318504	42.000000
0.2152525	42.000000
0.17712365	42.000000
0.31656438	42.000000
0.12026323	42.000000
0.0	42.000000
0.22494128	42.000000
0.0	42.000000
0.2543634	42.000000
0.17506298	42.000000
0.29896763	42.000000
0.21040654	42.000000
0.27224723	42.000000
0.22718771	42.000000
0.1113429	42.000000
0.23276359	42.000000
0.15126695	42.000000
0.22637665	42.000000
0.2937824	42.000000
0.08981192	42.000000
0.2838722	42.000000
0.23020789	42.000000
0.2317103	42.000000
0.25208256	42.000000
0.2449785	42.000000
0.0	42.000000
0.16689189	42.000000
0.25938585	42.000000
0.24828354	42.000000
0.29438698	42.000000
0.39910856	42.000000
0.3052288	42.000000
0.056489628	42.000000
0.1294019	42.000000
0.29797968	42.000000
0.2930841	42.000000
0.23190674	42.000000
0.23013201	42.000000
0.13540086	42.000000
0.13975295	42.000000
0.112756014	42.000000
0.33818346	42.000000
0.13115048	42.000000
0.17337446	42.000000
0.14892714	42.000000
0.06688657	42.000000
0.304164	42.000000
0.10871973	42.000000
0.22627936	42.000000
0.2035429	42.000000
0.25236607	42.000000
0.2046094	42.000000
0.24447085	42.000000
0.23044437	42.000000
0.26927266	42.000000
0.18522443	42.000000
0.0	42.000000
0.13519114	42.000000
0.18167697	42.000000
0.22675593	41.000000
0.49028865	41.000000
0.2730186	41.000000
0.43722317	41.000000
0.22766906	41.000000
0.32302043	41.000000
0.1525393	41.000000
0.22125965	41.000000
0.24902107	41.000000
0.119520724	41.000000
0.16526093	41.000000
0.2460979	41.000000
0.32746986	41.000000
0.14390853	41.000000
0.10333789	41.000000
0.1872994	41.000000
0.35338202	41.000000
0.23361078	41.000000
0.16998315	41.000000
0.25775397	41.000000
0.13321488	41.000000
0.13741034	41.000000
0.14951473	41.000000
0.27734393	41.000000
0.20313507	41.000000
0.13414398	41.000000
0.27373156	41.000000
0.16687094	41.000000
0.34627944	41.000000
0.2115821	41.000000
0.17315789	41.000000
0.28538665	41.000000
0.16267942	41.000000
0.122706644	41.000000
0.1504549	41.000000
0.22419082	41.000000
0.32062456	41.000000
0.056613293	41.000000
0.22967507	41.000000
0.3265249	41.000000
0.20984676	41.000000
0.0	41.000000
0.18348761	41.000000
0.2943008	41.000000
0.24067967	41.000000
0.104048096	41.000000
0.1851974	41.000000
0.30128345	41.000000
0.26554424	41.000000
0.16786875	41.000000
0.28126404	41.000000
0.19242378	41.000000
0.21330267	41.000000
0.3099493	41.000000
0.22653162	41.000000
0.18145743	41.000000
0.16778636	41.000000
0.111914895	41.000000
0.0	41.000000
0.18048887	41.000000
0.17452855	41.000000
0.1316568	41.000000
0.06960636	41.000000
0.0	41.000000
0.15664864	41.000000
0.18940438	41.000000
0.26951963	41.000000
0.24831896	41.000000
0.20023939	41.000000
0.14278732	41.000000
0.2380935	41.000000
0.2140118	41.000000
0.2483359	41.000000
0.1941051	41.000000
0.14281178	41.000000
0.3194402	41.000000
0.26913202	40.000000
0.0	40.000000
0.21642447	40.000000
0.10312446	40.000000
0.23957065	40.000000
0.03623	40.000000
0.25023386	40.000000
0.21459922	40.000000
0.19413209	40.000000
0.19649449	40.000000
0.20535669	40.000000
0.16651309	40.000000
0.16901273	40.000000
0.28295705	40.000000
0.14916553	40.000000
0.14413531	40.000000
0.037026696	40.000000
0.27631631	40.000000
0.3482167	40.000000
0.1679682	40.000000
0.35964403	40.000000
0.10152186	40.000000
0.20202056	40.000000
0.2830003	40.000000
0.1906261	40.000000
0.18288814	40.000000
0.11528041	40.000000
0.2067077	40.000000
0.08879103	40.000000
0.29033327	40.000000
0.122476056	40.000000
0.24222833	40.000000
0.2021394	40.000000
0.2335122	40.000000
0.3436103	40.000000
0.19646075	40.000000
0.085404135	40.000000
0.1769426	40.000000
0.088632084	40.000000
0.3281106	40.000000
0.20180014	40.000000
0.18711914	40.000000
0.28490168	40.000000
0.1185114	40.000000
0.19953813	40.000000
0.22553797	40.000000
0.25108877	40.000000
0.17117593	40.000000
0.20428152	40.000000
0.0	40.000000
0.3009173	40.000000
0.14310554	40.000000
0.1947145	40.000000
0.1427082	40.000000
0.06751344	40.000000
0.16197087	40.000000
0.30993333	40.000000
0.0	40.000000
0.22544855	40.000000
0.17340904	40.000000
0.12811327	40.000000
0.34613463	40.000000
0.20096073	40.000000
0.26397747	40.000000
0.24413688	40.000000
0.098835014	40.000000
0.16268584	40.000000
0.5046218	40.000000
0.101542905	40.000000
0.24925168	40.000000
0.2545271	40.000000
0.2786357	39.000000
0.22834638	39.000000
0.0	39.000000
0.19565792	39.000000
0.13099432	39.000000
0.23884486	39.000000
0.15887702	39.000000
0.15927687	39.000000
0.19592583	39.000000
-0.0019144616	39.000000
0.20605105	39.000000
0.16757283	39.000000
0.3190113	39.000000
0.13626152	39.000000
0.12503311	39.000000
0.1778551	39.000000
0.25342494	39.000000
0.278163	39.000000
0.07448639	39.000000
0.20168798	39.000000
0.31192234	39.000000
0.25710383	39.000000
0.14883263	39.000000
0.3094091	39.000000
0.19492668	39.000000
0.15142414	39.000000
0.15801054	39.000000
0.2423483	39.000000
0.18476109	39.000000
0.063616335	39.000000
0.26166612	39.000000
0.19989496	39.000000
0.3140566	39.000000
0.14825407	39.000000
0.2409152	39.000000
0.115671866	39.000000
0.17892456	39.000000
0.17641707	39.000000
0.18265264	39.000000
0.21338594	39.000000
0.3382342	39.000000
0.2970235	39.000000
0.16528174	39.000000
0.053103846	39.000000
0.2892992	39.000000
0.0	39.000000
0.09516775	39.000000
0.39951938	39.000000
0.21299979	39.000000
0.15294518	39.000000
0.124880075	39.000000
0.16909373	39.000000
0.27007332	39.000000
0.12343716	39.000000
0.22048095	39.000000
0.23477004	39.000000
0.2960178	39.000000
0.1387352	39.000000
0.3403791	39.000000
0.18476276	39.000000
0.15848818	39.000000
0.11365372	39.000000
0.2257803	39.000000
0.2923741	39.000000
0.22965054	39.000000
0.07402569	39.000000
0.04315128	39.000000
0.0	39.000000
0.19646637	39.000000
0.20523675	39.000000
0.26771912	39.000000
0.31160778	39.000000
0.0	39.000000
0.07084154	39.000000
0.2272908	39.000000
0.13459669	39.000000
0.24420547	39.000000
0.0	39.000000
0.30550718	39.000000
0.29131618	39.000000
0.0	39.000000
0.1921636	39.000000
0.29949105	39.000000
0.2128773	38.000000
0.0	38.000000
0.16347052	38.000000
0.21430856	38.000000
0.21008253	38.000000
0.1554473	38.000000
0.39517578	38.000000
0.3135254	38.000000
0.07975243	38.000000
0.22103895	38.000000
0.20757675	38.000000
0.2827104	38.000000
0.18763492	38.000000
0.14915213	38.000000
0.14843121	38.000000
0.079534106	38.000000
0.091413185	38.000000
0.28086752	38.000000
0.3547511	38.000000
0.0	38.000000
0.13511872	38.000000
0.3158102	38.000000
0.17902997	38.000000
0.09978104	38.000000
0.21657455	38.000000
0.21267796	38.000000
0.0	38.000000
0.2634877	38.000000
0.13051045	38.000000
0.29639065	38.000000
0.14159675	38.000000
0.32066348	38.000000
0.23195925	38.000000
0.13134813	38.000000
0.0	38.000000
0.21083781	38.000000
0.34208283	38.000000
0.148019	38.000000
0.0	38.000000
0.14091453	38.000000
0.1836835	38.000000
0.23887372	38.000000
0.118924074	38.000000
0.41934425	38.000000
0.2680718	38.000000
0.2100307	38.000000
0.2183188	38.000000
0.14573713	38.000000
0.18065701	38.000000
0.27456343	38.000000
0.18180305	38.000000
0.26474664	38.000000
0.22241686	38.000000
0.2883713	38.000000
0.06546285	38.000000
0.27587026	38.000000
0.1559328	38.000000
0.3181956	38.000000
0.27581638	38.000000
0.2855812	38.000000
0.22885086	38.000000
0.21628986	38.000000
0.16126898	38.000000
0.16775373	38.000000
0.16598788	38.000000
0.0	38.000000
0.2574289	38.000000
0.186901	38.000000
0.2722683	38.000000
0.16730563	38.000000
0.08162793	38.000000
0.16226274	38.000000
0.21806864	38.000000
0.28153533	38.000000
0.21868597	38.000000
0.16872403	38.000000
0.17588727	38.000000
0.25812018	38.000000
0.22199331	38.000000
0.2694316	38.000000
0.13535576	37.000000
0.20709875	37.000000
0.17852019	37.000000
0.23301879	37.000000
0.09880137	37.000000
0.08252252	37.000000
0.19798017	37.000000
0.23563503	37.000000
0.23460184	37.000000
0.23849174	37.000000
0.3883575	37.000000
0.15449786	37.000000
0.18997362	37.000000
0.21488115	37.000000
0.12782887	37.000000
0.25354627	37.000000
0.100875385	37.000000
0.11769502	37.000000
0.1419	37.000000
0.3379792	37.000000
0.26115727	37.000000
0.38841754	37.000000
0.33365864	37.000000
0.26780596	37.000000
0.25457114	37.000000
0.0	37.000000
0.0990872	37.000000
0.1929368	37.000000
0.0	37.000000
0.22568703	37.000000
0.3202661	37.000000
0.119230494	37.000000
0.13342883	37.000000
0.2516235	37.000000
0.30162075	37.000000
0.12124118	37.000000
0.07889432	37.000000
0.2231532	37.000000
0.27400985	37.000000
0.0	37.000000
0.17343707	37.000000
0.18440413	37.000000
0.26220322	37.000000
0.25222698	37.000000
0.13697991	37.000000
0.16028039	37.000000
0.19901185	37.000000
0.23238173	37.000000
0.4032574	37.000000
0.1728806	37.000000
0.22859769	37.000000
0.08159511	37.000000
0.20187758	37.000000
0.16540608	37.000000
0.22856082	37.000000
0.14719832	37.000000
0.17742696	37.000000
0.24361685	37.000000
0.14519483	37.000000
0.2414905	37.000000
0.391674	37.000000
0.17092757	37.000000
0.2428135	37.000000
0.19145365	37.000000
0.14466624	37.000000
0.16547465	37.000000
0.1519003	37.000000
0.1869984	37.000000
0.058960635	37.000000
0.23729904	37.000000
0.18536755	37.000000
0.08961322	37.000000
0.0	37.000000
0.20742577	37.000000
0.13571699	37.000000
0.16712208	37.000000
0.25668654	37.000000
0.26320937	37.000000
0.26654217	37.000000
0.2290324	37.000000
0.29885143	37.000000
0.15474023	37.000000
0.13005796	37.000000
0.20810647	37.000000
0.24952278	37.000000
0.18447158	37.000000
0.115524314	37.000000
0.14110248	37.000000
0.21333295	37.000000
0.21891351	37.000000
0.19246475	37.000000
0.28745916	37.000000
0.214861	37.000000
0.19904837	37.000000
0.0	37.000000
0.13985038	37.000000
0.16090602	37.000000
0.27194402	37.000000
0.33415172	37.000000
0.22021702	37.000000
0.17488378	37.000000
0.0913407	37.000000
0.14463294	37.000000
0.16927095	37.000000
0.21545246	37.000000
0.14666195	37.000000
0.16715966	37.000000
0.12519117	37.000000
0.15748051	37.000000
0.0	37.000000
0.1578967	37.000000
0.20053262	37.000000
0.16085637	37.000000
0.16645704	37.000000
0.20401971	37.000000
0.16154791	37.000000
0.10813941	37.000000
0.21781063	37.000000
0.2663011	37.000000
0.2607546	37.000000
0.26754278	37.000000
0.25357482	37.000000
0.18882501	36.000000
0.1335513	36.000000
0.2831617	36.000000
0.1926416	36.000000
0.27290386	36.000000
0.208234	36.000000
0.16379994	36.000000
0.23572475	36.000000
0.2645243	36.000000
0.2022563	36.000000
0.11127069	36.000000
0.22345017	36.000000
0.19132374	36.000000
0.1711542	36.000000
0.24930772	36.000000
0.1745588	36.000000
0.13298635	36.000000
0.10344265	36.000000
0.1988437	36.000000
0.19450288	36.000000
0.21640101	36.000000
0.2957844	36.000000
0.22715215	36.000000
0.19920485	36.000000
0.27305442	36.000000
0.13494657	36.000000
0.32691786	36.000000
0.16137654	36.000000
0.08434335	36.000000
0.085231476	36.000000
0.20091641	36.000000
0.2464705	36.000000
0.16515398	36.000000
0.19710033	36.000000
0.14215733	36.000000
0.18100138	36.000000
0.0	36.000000
0.20762248	36.000000
0.1889791	36.000000
0.2726087	36.000000
0.0	36.000000
0.10945949	36.000000
0.2522361	36.000000
0.16572481	36.000000
0.12740265	36.000000
0.08578573	36.000000
0.21880026	36.000000
0.0	36.000000
0.16200201	36.000000
0.083032645	36.000000
0.15044394	36.000000
0.12832153	36.000000
0.19110735	36.000000
0.0	36.000000
0.32896036	36.000000
0.14732076	36.000000
0.31331414	36.000000
0.24579203	36.000000
0.11622063	36.000000
0.20175456	36.000000
0.16749664	36.000000
0.24737746	36.000000
0.19986507	36.000000
0.25384408	36.000000
0.0	36.000000
0.0	36.000000
0.12159806	36.000000
0.2494628	36.000000
0.20393047	36.000000
0.27733436	36.000000
0.20407729	36.000000
0.21521577	36.000000
0.26905757	36.000000
0.15206414	36.000000
0.09606658	35.000000
0.16499151	35.000000
0.2146998	35.000000
0.15549564	35.000000
0.1564213	35.000000
0.4679496	35.000000
0.30768538	35.000000
0.23831001	35.000000
0.20426542	35.000000
0.1459879	35.000000
0.34894547	35.000000
0.17694215	35.000000
0.14967908	35.000000
0.11182134	35.000000
0.20487598	35.000000
0.0	35.000000
0.40371174	35.000000
0.0922887	35.000000
0.116830975	35.000000
0.15432313	35.000000
0.12688042	35.000000
0.18143424	35.000000
0.1712693	35.000000
0.0	35.000000
0.12595145	35.000000
0.23401019	35.000000
0.13436157	35.000000
0.19759971	35.000000
0.31300133	35.000000
0.14591746	35.000000
0.2894367	35.000000
0.12428208	35.000000
0.1829333	35.000000
0.27190366	35.000000
0.15709172	35.000000
0.1671613	35.000000
0.11720162	35.000000
0.19021928	35.000000
0.27358013	35.000000
0.16557291	35.000000
0.22129628	35.000000
0.0	35.000000
0.16310489	35.000000
0.0	35.000000
0.15553334	35.000000
0.20298609	35.000000
0.20830123	35.000000
0.04572853	35.000000
0.14762798	35.000000
0.19052385	35.000000
0.15134847	35.000000
0.21849896	35.000000
0.18355562	35.000000
0.11531284	35.000000
0.22231771	35.000000
0.039463997	35.000000
0.2499871	35.000000
0.21426375	35.000000
0.13960682	35.000000
0.123840295	35.000000
0.24803677	35.000000
0.12145337	35.000000
0.0	35.000000
0.2544749	35.000000
0.100754865	35.000000
0.18298455	35.000000
0.27397466	35.000000
0.044566926	35.000000
0.0	34.000000
0.17257422	34.000000
0.30685607	34.000000
0.08479005	34.000000
0.12252931	34.000000
0.30975577	34.000000
0.29696307	34.000000
0.20778637	34.000000
0.23517683	34.000000
0.18085238	34.000000
0.2220008	34.000000
0.18204828	34.000000
0.21709195	34.000000
0.20442405	34.000000
0.21266265	34.000000
0.0	34.000000
0.15287371	34.000000
0.034846824	34.000000
0.0	34.000000
0.19296186	34.000000
0.0	34.000000
0.16741093	34.000000
0.17476617	34.000000
0.22879322	34.000000
0.13769424	34.000000
0.20642163	34.000000
0.14345041	34.000000
0.2547183	34.000000
0.1338373	34.000000
0.17934066	34.000000
0.2639303	34.000000
0.24807411	34.000000
0.20940943	34.000000
0.20131548	34.000000
0.24579951	34.000000
0.2487679	34.000000
0.16373721	34.000000
0.25588763	34.000000
0.11691355	34.000000
0.22142881	34.000000
0.19224359	34.000000
0.1801162	34.000000
0.18272154	34.000000
0.16682069	34.000000
0.14395232	34.000000
0.19578944	34.000000
0.1252602	34.000000
0.16360134	34.000000
0.22072607	34.000000
0.12132406	34.000000
0.20154992	34.000000
0.19261141	34.000000
0.1637965	34.000000
0.18992908	34.000000
0.3352447	34.000000
0.24799117	34.000000
0.24740896	34.000000
0.2678823	34.000000
0.08584026	34.000000
0.27412772	34.000000
0.19385114	34.000000
0.37417156	34.000000
0.19497289	34.000000
0.18718112	34.000000
0.088466264	34.000000
0.047037113	34.000000
0.18271552	34.000000
0.07105482	34.000000
0.2310891	34.000000
0.15862224	34.000000
0.077071525	34.000000
0.119986966	34.000000
0.34585392	34.000000
0.26816213	34.000000
0.18783613	34.000000
0.1885607	34.000000
0.31920433	34.000000
0.25705007	34.000000
0.1426615	33.000000
0.22826707	33.000000
0.12667902	33.000000
0.13732214	33.000000
0.12402683	33.000000
0.1913329	33.000000
0.1590594	33.000000
0.1251759	33.000000
0.16438335	33.000000
0.1277721	33.000000
0.0	33.000000
0.19304894	33.000000
0.16864735	33.000000
0.18313242	33.000000
0.25124514	33.000000
0.1118032	33.000000
0.113666505	33.000000
0.18873	33.000000
0.37309682	33.000000
0.2251238	33.000000
0.12168923	33.000000
0.16855806	33.000000
0.20193954	33.000000
0.3611853	33.000000
0.2700478	33.000000
0.2120914	33.000000
0.11623421	33.000000
0.21251562	33.000000
0.4192558	33.000000
0.17279418	33.000000
0.106666006	33.000000
0.088988766	33.000000
0.15075737	33.000000
0.19579974	33.000000
0.18169537	33.000000
0.21395485	33.000000
0.28996173	33.000000
0.2666878	33.000000
0.10139355	33.000000
0.17590953	33.000000
0.14922664	33.000000
0.14993463	33.000000
0.2574097	33.000000
0.18856445	33.000000
0.10477182	33.000000
0.108101696	33.000000
0.18520059	33.000000
0.24068063	33.000000
0.29009074	33.000000
0.09951704	33.000000
0.26008216	33.000000
0.26992816	33.000000
0.26237062	33.000000
0.2097981	33.000000
0.20827568	33.000000
0.17026804	33.000000
0.053291447	33.000000
0.0	33.000000
0.028070858	33.000000
0.22406024	33.000000
0.22942734	33.000000
0.21013215	33.000000
0.11137159	33.000000
0.05595102	33.000000
0.074665844	33.000000
0.121312045	33.000000
0.19182022	33.000000
0.20194243	33.000000
0.061716724	33.000000
0.21505828	32.000000
0.09042962	32.000000
0.075007856	32.000000
0.064392254	32.000000
0.1563773	32.000000
0.011884186	32.000000
0.0	32.000000
0.18000172	32.000000
0.20546933	32.000000
0.0981967	32.000000
0.25130785	32.000000
0.1098554	32.000000
0.05581705	32.000000
0.2770048	32.000000
0.21989964	32.000000
0.14709851	32.000000
0.08875575	32.000000
0.20269082	32.000000
0.0	32.000000
0.14067934	32.000000
0.2241501	32.000000
0.13705678	32.000000
0.13517834	32.000000
0.3121625	32.000000
0.1086857	32.000000
0.21219128	32.000000
0.08532626	32.000000
0.25755516	32.000000
0.0	32.000000
0.2993129	32.000000
0.27857694	32.000000
0.2707876	32.000000
0.0903165	32.000000
0.35527104	32.000000
0.13951655	32.000000
0.17715931	32.000000
0.11431828	32.000000
0.14206207	32.000000
0.14961426	32.000000
0.1043238	32.000000
0.17840049	32.000000
0.07189774	32.000000
0.19493283	32.000000
0.14294435	32.000000
0.12907374	32.000000
0.22493224	32.000000
0.08275676	32.000000
0.25262263	32.000000
0.18100035	32.000000
0.16430335	32.000000
0.096237265	32.000000
0.08566644	32.000000
0.08819083	32.000000
0.20846963	32.000000
0.33692038	32.000000
0.1725508	32.000000
0.29251158	32.000000
0.20659624	32.000000
0.17472847	32.000000
0.0	32.000000
0.12462889	32.000000
0.14378117	32.000000
0.16862918	32.000000
0.1449945	32.000000
0.22835524	32.000000
0.15505311	32.000000
0.19332321	32.000000
0.16052563	32.000000
0.16279359	32.000000
0.23010378	32.000000
0.16726235	32.000000
0.10889836	31.000000
0.08592379	31.000000
0.20117642	31.000000
0.21725097	31.000000
0.2785396	31.000000
0.12043796	31.000000
0.02048413	31.000000
0.11599427	31.000000
0.0698624	31.000000
0.16458929	31.000000
0.0	31.000000
0.22542132	31.000000
0.21300237	31.000000
0.20816098	31.000000
0.12829578	31.000000
0.21955173	31.000000
0.18034193	31.000000
0.024779813	31.000000
0.1128292	31.000000
0.16069306	31.000000
0.080731645	31.000000
0.24502656	31.000000
0.12522061	31.000000
0.23552379	31.000000
0.12233192	31.000000
0.2150078	31.000000
0.15534854	31.000000
0.108248755	31.000000
0.28427088	31.000000
0.21438357	31.000000
0.11417008	31.000000
0.18939544	31.000000
0.15587233	31.000000
0.13071853	31.000000
0.2646676	31.000000
0.04748076	31.000000
0.27229744	31.000000
0.1667888	31.000000
0.0	31.000000
0.30106306	31.000000
0.3001987	31.000000
0.1708625	31.000000
0.13942896	31.000000
0.12058322	31.000000
0.19985412	31.000000
0.23897226	31.000000
0.03737455	31.000000
0.15620725	31.000000
0.2506674	31.000000
0.18636724	31.000000
0.07217711	31.000000
0.13870516	31.000000
0.21121882	31.000000
-0.011113383	31.000000
0.10411168	31.000000
0.25816602	31.000000
0.15979272	31.000000
0.13405395	31.000000
0.0973799	31.000000
0.118320405	31.000000
0.098367564	31.000000
0.12510112	31.000000
0.15464607	31.000000
0.2576049	31.000000
0.16523051	31.000000
0.10356344	31.000000
0.19883674	31.000000
0.12810439	31.000000
0.15733981	31.000000
0.112147555	31.000000
0.2090651	31.000000
0.1323003	31.000000
0.27698192	31.000000
0.27539825	31.000000
0.28923094	31.000000
0.24015556	31.000000
0.12325252	31.000000
0.18053482	31.000000
0.06985726	31.000000
0.20304625	31.000000
0.3013816	31.000000
0.0	31.000000
0.10721258	31.000000
0.09424951	30.000000
0.19974796	30.000000
0.16930407	30.000000
0.176959	30.000000
0.1477531	30.000000
0.1205281	30.000000
0.13658075	30.000000
0.16764112	30.000000
0.113319375	30.000000
0.113306634	30.000000
0.08953666	30.000000
0.33539456	30.000000
0.23283246	30.000000
0.19341527	30.000000
0.10551078	30.000000
0.15140085	30.000000
0.26506677	30.000000
0.22346237	30.000000
0.11580854	30.000000
0.11133874	30.000000
0.19461526	30.000000
0.27693594	30.000000
0.15497966	30.000000
0.15161169	30.000000
0.14573686	30.000000
0.2330388	30.000000
0.2881499	30.000000
0.14048715	30.000000
0.25632626	30.000000
0.18699645	30.000000
0.18977475	30.000000
0.2772789	30.000000
0.28008667	30.000000
0.1591424	30.000000
0.073824465	30.000000
0.1443642	30.000000
0.15908767	30.000000
0.24636689	30.000000
0.13185643	30.000000
0.1335827	30.000000
0.049651135	30.000000
0.19249718	30.000000
0.16000147	30.000000
0.0	30.000000
0.17596686	30.000000
-0.029025024	30.000000
0.08659711	30.000000
0.0	30.000000
0.030537765	30.000000
0.07365079	30.000000
0.16085024	30.000000
0.20025645	30.000000
0.10026217	30.000000
0.21521172	30.000000
0.1316815	30.000000
0.053420775	30.000000
0.11355216	30.000000
0.25007227	30.000000
0.20984957	30.000000
0.18739256	30.000000
0.1443222	30.000000
0.23390347	30.000000
0.16213028	30.000000
0.084402084	30.000000
0.14326726	30.000000
0.31061623	30.000000
0.10049916	30.000000
0.21981962	30.000000
0.3048214	30.000000
0.17242627	30.000000
0.16060932	30.000000
0.22360326	30.000000
0.2291422	29.000000
0.017771201	29.000000
0.09229404	29.000000
0.0	29.000000
0.14535946	29.000000
0.12632553	29.000000
0.25729844	29.000000
0.10607419	29.000000
0.31194142	29.000000
0.14751051	29.000000
0.28215948	29.000000
0.14652154	29.000000
0.26033133	29.000000
0.20068985	29.000000
0.23490244	29.000000
0.15079473	29.000000
0.12618196	29.000000
0.3569424	29.000000
0.2702269	29.000000
0.0	29.000000
0.08465902	29.000000
0.11690794	29.000000
0.22202826	29.000000
0.11625139	29.000000
0.2929704	29.000000
0.01863032	29.000000
0.15680045	29.000000
0.08662935	29.000000
0.2354989	29.000000
0.15739617	29.000000
0.03924555	29.000000
0.08115354	29.000000
0.19992076	29.000000
0.2356407	29.000000
0.060511537	29.000000
0.20501225	29.000000
0.250558	29.000000
0.24856718	29.000000
0.05724909	29.000000
0.0	29.000000
0.3144308	29.000000
0.06502352	29.000000
0.16736144	29.000000
0.1599646	29.000000
0.159018	29.000000
0.17873695	29.000000
0.06294235	29.000000
0.17352797	29.000000
0.32237086	29.000000
0.14973406	29.000000
0.11520249	29.000000
0.1459687	29.000000
0.25795802	29.000000
0.19072156	29.000000
0.053507317	29.000000
0.16399917	29.000000
0.07794595	29.000000
0.18949102	29.000000
0.0	29.000000
0.22248156	29.000000
0.122565486	29.000000
0.28667817	29.000000
0.07025259	28.000000
0.20678423	28.000000
0.08947378	28.000000
0.0	28.000000
0.24227867	28.000000
0.11573117	28.000000
0.22309864	28.000000
0.189727	28.000000
0.22374949	28.000000
0.15299687	28.000000
0.23659055	28.000000
0.28319794	28.000000
0.20765753	28.000000
0.12739222	28.000000
0.12011348	28.000000
0.17773801	28.000000
0.107537016	28.000000
0.12555492	28.000000
0.10339193	28.000000
0.11538481	28.000000
0.14518405	28.000000
0.1779255	28.000000
0.085840166	28.000000
0.21674995	28.000000
0.22826904	28.000000
0.096617825	28.000000
0.26786447	28.000000
0.20642993	28.000000
0.20695004	28.000000
-0.006515847	28.000000
0.20609349	28.000000
0.09948631	28.000000
0.309881	28.000000
0.25690737	28.000000
0.16440693	28.000000
0.17751801	28.000000
0.206544	28.000000
0.1794145	28.000000
0.084493294	28.000000
0.0	28.000000
0.13695054	28.000000
0.28870326	28.000000
0.085331574	28.000000
0.1346352	28.000000
0.1003513	28.000000
0.13742532	28.000000
0.246624	28.000000
0.09092921	28.000000
0.09305649	28.000000
0.2339838	28.000000
0.1925664	28.000000
0.12470701	28.000000
0.05165817	28.000000
0.14597234	28.000000
0.16227132	28.000000
0.091577694	28.000000
0.14160386	28.000000
0.092010185	28.000000
0.2043529	28.000000
0.11089328	28.000000
0.18162753	28.000000
0.1607271	28.000000
0.16123033	28.000000
0.18306379	28.000000
0.19641891	27.000000
0.09794464	27.000000
0.13792641	27.000000
0.12066345	27.000000
0.1337078	27.000000
0.061561503	27.000000
0.11952493	27.000000
0.16881634	27.000000
0.0	27.000000
0.15392219	27.000000
0.2942388	27.000000
0.08878757	27.000000
0.2399669	27.000000
0.0	27.000000
0.12987858	27.000000
0.19949806	27.000000
0.17001669	27.000000
0.26417688	27.000000
0.15460303	27.000000
0.25591385	27.000000
0.13618895	27.000000
-0.014306345	27.000000
0.19279413	27.000000
0.13891722	27.000000
0.17503816	27.000000
0.18760824	27.000000
0.22814392	27.000000
0.13103426	27.000000
0.23147677	27.000000
0.2821543	27.000000
0.12292047	27.000000
0.16543648	27.000000
0.1716704	27.000000
0.09933519	27.000000
0.14314868	27.000000
0.066404976	27.000000
0.24049817	27.000000
0.069144554	27.000000
0.04800393	27.000000
0.16747761	27.000000
-0.005336652	27.000000
0.15972228	27.000000
0.06760558	27.000000
0.2046829	27.000000
0.2546054	27.000000
0.104188696	27.000000
0.062389478	27.000000
0.0	27.000000
0.09499564	27.000000
0.16531588	27.000000
0.20423579	27.000000
0.26403928	27.000000
0.20109442	27.000000
0.2152664	27.000000
0.22968635	27.000000
0.11092253	27.000000
0.100228384	27.000000
0.14522217	27.000000
0.25769982	27.000000
0.13329937	27.000000
0.06542537	27.000000
0.24768439	27.000000
0.17520884	27.000000
0.17265607	27.000000
0.08077279	27.000000
0.048408683	27.000000
0.041285444	27.000000
0.14824496	27.000000
0.05992004	27.000000
0.082236685	27.000000
0.059129152	27.000000
0.19658463	27.000000
0.030748215	27.000000
0.07632825	27.000000
0.026383556	27.000000
0.12868881	27.000000
0.21633887	26.000000
0.0	26.000000
0.12525699	26.000000
0.13644472	26.000000
0.11806654	26.000000
0.09246152	26.000000
0.0	26.000000
0.17943038	26.000000
0.049661316	26.000000
0.18520628	26.000000
0.04603031	26.000000
0.10406995	26.000000
0.15122335	26.000000
0.21429631	26.000000
-0.060292073	26.000000
0.13941889	26.000000
0.29436103	26.000000
0.07548556	26.000000
0.15002218	26.000000
0.15848882	26.000000
0.12161192	26.000000
0.12441085	26.000000
0.0	26.000000
0.2499466	26.000000
0.12798464	26.000000
0.14939146	26.000000
0.1602111	26.000000
0.10465293	26.000000
-0.019871224	26.000000
0.18762392	26.000000
0.13450119	26.000000
0.21446677	26.000000
0.053257648	26.000000
0.14284004	26.000000
0.20135476	26.000000
0.18936984	26.000000
0.068053156	26.000000
0.23102155	26.000000
0.17534095	26.000000
0.1755104	26.000000
0.20091441	26.000000
0.15201393	26.000000
0.10031331	26.000000
0.07908136	26.000000
0.16791007	26.000000
0.10602555	26.000000
0.24454227	26.000000
0.21128565	26.000000
0.12485342	26.000000
-0.022992851	26.000000
0.1875135	26.000000
0.038789883	26.000000
0.1832134	26.000000
0.15248407	26.000000
0.16721514	26.000000
0.11037949	26.000000
0.19172753	26.000000
0.12183723	26.000000
0.057190835	26.000000
0.087781936	25.000000
0.15756467	25.000000
0.15284117	25.000000
0.0	25.000000
0.101362	25.000000
0.0	25.000000
0.0873896	25.000000
0.022019666	25.000000
0.053491592	25.000000
0.13329011	25.000000
0.24064809	25.000000
0.1812245	25.000000
0.09390962	25.000000
0.176228	25.000000
0.20712529	25.000000
0.0	25.000000
0.1835441	25.000000
0.0	25.000000
0.15698652	25.000000
0.117755644	25.000000
0.047438733	25.000000
0.28187066	25.000000
0.07288938	25.000000
0.15738077	25.000000
0.21095882	25.000000
0.10262434	25.000000
0.20765968	25.000000
0.16874038	25.000000
0.017480569	25.000000
0.12690985	25.000000
0.16301177	25.000000
0.06988267	25.000000
0.16368696	25.000000
0.061309315	25.000000
0.42192298	25.000000
0.20110252	25.000000
0.05994708	25.000000
0.27533466	25.000000
0.07944266	25.000000
0.14182463	25.000000
0.1496859	25.000000
0.21819131	25.000000
0.06487281	25.000000
0.16744584	25.000000
0.16981624	25.000000
0.047487356	25.000000
0.13306932	25.000000
0.29697904	25.000000
0.16508044	25.000000
0.16941567	25.000000
0.14773136	25.000000
0.20132817	25.000000
0.18396159	25.000000
0.18923038	25.000000
0.2104862	25.000000
-0.0065406538	25.000000
0.13774219	24.000000
0.009692909	24.000000
0.08905892	24.000000
0.09633973	24.000000
0.12796576	24.000000
0.12870085	24.000000
0.122545816	24.000000
0.27293143	24.000000
0.058883246	24.000000
0.17297684	24.000000
0.17975795	24.000000
-0.0076217134	24.000000
0.073621355	24.000000
0.12676159	24.000000
0.11954537	24.000000
0.1933047	24.000000
0.03950016	24.000000
0.100296035	24.000000
0.19091986	24.000000
0.09799851	24.000000
0.20637095	24.000000
0.12674901	24.000000
0.089062214	24.000000
0.14988029	24.000000
0.13731852	24.000000
0.064313315	24.000000
0.1893261	24.000000
0.26669213	24.000000
0.21596298	24.000000
0.09297562	24.000000
0.22736251	24.000000
0.113704905	24.000000
0.20784725	24.000000
0.08357446	24.000000
0.08176955	24.000000
0.1388521	24.000000
0.1531065	24.000000
0.053204205	24.000000
0.08653848	24.000000
0.18211927	24.000000
0.20587122	24.000000
0.0	24.000000
0.03723028	24.000000
0.20575285	24.000000
0.09375784	24.000000
0.13370986	24.000000
0.010380873	24.000000
0.08176638	24.000000
0.05380508	24.000000
0.24153055	24.000000
0.18446188	24.000000
0.36071607	24.000000
-0.024314823	24.000000
0.18309584	24.000000
0.18486086	24.000000
0.12995295	24.000000
0.13838926	24.000000
0.21075827	24.000000
0.037479933	24.000000
0.07089878	24.000000
0.04703059	24.000000
0.2066761	24.000000
0.11198882	24.000000
0.11912855	24.000000
0.14271814	24.000000
0.19290833	24.000000
0.16305405	24.000000
0.1991878	24.000000
0.1844439	24.000000
0.12186037	24.000000
0.014750698	24.000000
0.15544052	24.000000
0.24091975	24.000000
0.12741557	24.000000
0.27087033	24.000000
0.15322292	24.000000
0.117270224	24.000000
0.07089767	24.000000
0.13276826	24.000000
0.0	23.000000
0.18564562	23.000000
0.13907838	23.000000
0.23874496	23.000000
0.12667446	23.000000
0.1967409	23.000000
0.08699465	23.000000
0.0446957	23.000000
0.17488751	23.000000
0.0	23.000000
0.093768105	23.000000
0.07378891	23.000000
0.13172197	23.000000
0.12328194	23.000000
0.1778478	23.000000
0.18075491	23.000000
0.12612478	23.000000
0.15063626	23.000000
0.043198302	23.000000
0.07314034	23.000000
0.104109414	23.000000
0.054240063	23.000000
0.0022107377	23.000000
0.20634554	23.000000
0.09792787	23.000000
0.066924565	23.000000
0.08152335	23.000000
0.3248894	23.000000
0.13627513	23.000000
0.2061019	23.000000
0.124441415	23.000000
0.12019502	23.000000
0.09508655	23.000000
0.15965778	23.000000
-0.0028850415	23.000000
0.11279109	23.000000
0.15874949	23.000000
0.09071406	23.000000
0.18580201	23.000000
0.0	23.000000
0.16688073	23.000000
0.16503905	23.000000
0.07842741	23.000000
0.0057409047	23.000000
0.12104768	23.000000
0.10565729	23.000000
0.1423767	23.000000
0.19509485	23.000000
0.093651555	23.000000
0.17993125	23.000000
0.08486826	23.000000
0.055910807	23.000000
0.036093116	23.000000
0.10511501	23.000000
-0.0016586053	23.000000
0.013118308	23.000000
0.091612056	23.000000
0.09257295	23.000000
0.07533171	23.000000
0.016789513	23.000000
0.028209459	23.000000
0.16622353	23.000000
0.0036722547	23.000000
0.075552925	23.000000
0.032235976	23.000000
0.1785148	23.000000
0.25098523	23.000000
0.14162166	23.000000
0.19878282	23.000000
0.10643243	23.000000
0.18577094	23.000000
0.10787349	23.000000
-0.02586291	23.000000
0.24246961	23.000000
0.1825052	22.000000
0.26751256	22.000000
0.19856301	22.000000
0.12634052	22.000000
0.14142513	22.000000
0.06039827	22.000000
0.008278267	22.000000
0.11168856	22.000000
0.021233777	22.000000
0.19078746	22.000000
0.023597661	22.000000
0.1585259	22.000000
0.0004762453	22.000000
0.15546866	22.000000
0.02228122	22.000000
0.13615818	22.000000
0.10290696	22.000000
0.13480616	22.000000
0.081114456	22.000000
0.0406967	22.000000
0.15779722	22.000000
0.11753719	22.000000
0.0	22.000000
0.08577824	22.000000
0.09905724	22.000000
0.08817838	22.000000
0.068289906	22.000000
0.17374809	22.000000
0.0	22.000000
0.20226328	22.000000
0.12115667	22.000000
0.07113698	22.000000
0.1547515	22.000000
0.17553648	22.000000
0.14803754	22.000000
0.21961547	22.000000
0.06204859	22.000000
0.15421999	22.000000
0.3330454	22.000000
0.11847321	22.000000
0.20884684	22.000000
0.09560059	22.000000
0.04595977	22.000000
0.2364407	22.000000
0.12290508	22.000000
0.15742101	22.000000
0.18169878	22.000000
0.10232459	22.000000
0.0488718	22.000000
0.27496698	22.000000
0.14750214	22.000000
0.13736682	22.000000
0.07358299	22.000000
0.04896552	22.000000
0.070242554	22.000000
0.10920189	22.000000
0.10062616	22.000000
0.26217005	22.000000
0.073935464	22.000000
0.25275853	21.000000
0.0	21.000000
0.009479366	21.000000
0.04417754	21.000000
0.22311857	21.000000
0.15528774	21.000000
0.08111735	21.000000
0.05103498	21.000000
0.11570214	21.000000
0.0	21.000000
0.20725171	21.000000
0.20415704	21.000000
0.0	21.000000
0.14845571	21.000000
0.2208705	21.000000
0.06880545	21.000000
0.10968419	21.000000
0.11226215	21.000000
0.038941022	21.000000
0.036721982	21.000000
0.0	21.000000
0.20769829	21.000000
0.089739636	21.000000
0.0051132175	21.000000
0.13447662	21.000000
0.07586311	21.000000
0.05043852	21.000000
0.061205976	21.000000
0.09239432	21.000000
0.118501365	21.000000
-0.002480101	21.000000
0.09809417	21.000000
0.06556049	21.000000
0.12941086	21.000000
0.16692273	21.000000
0.014586397	21.000000
0.14934808	21.000000
0.020017685	21.000000
0.12651937	21.000000
0.08651496	21.000000
0.03259185	21.000000
-0.03726837	21.000000
-0.0076834573	21.000000
0.06445744	21.000000
0.15122472	21.000000
0.09410915	21.000000
0.17318746	21.000000
0.16037925	21.000000
0.14794984	21.000000
0.0	21.000000
0.14844984	21.000000
0.15491965	21.000000
0.059181448	21.000000
0.07956983	21.000000
0.09199707	21.000000
0.17996728	21.000000
0.20970845	21.000000
0.073270544	21.000000
0.0	21.000000
0.07107136	21.000000
0.065276384	21.000000
0.043623764	21.000000
0.14450942	21.000000
0.0063747284	21.000000
0.08387341	21.000000
0.22424637	21.000000
0.1228283	21.000000
0.17537971	21.000000
0.22728652	21.000000
0.13702261	21.000000
0.027669853	21.000000
0.14803198	20.000000
0.049335845	20.000000
0.18904474	20.000000
0.10461449	20.000000
0.20866787	20.000000
0.08312317	20.000000
0.20613128	20.000000
-0.010236234	20.000000
0.14822356	20.000000
0.100161694	20.000000
0.013218128	20.000000
0.12034117	20.000000
0.18918535	20.000000
0.08532876	20.000000
0.09236051	20.000000
0.08337843	20.000000
0.14272264	20.000000
0.01864932	20.000000
0.1301732	20.000000
0.077231854	20.000000
0.06344597	20.000000
0.18241799	20.000000
0.13242356	20.000000
0.101990156	20.000000
0.14022426	20.000000
0.12536384	20.000000
0.0	20.000000
-0.0031614916	20.000000
0.11856371	20.000000
0.03894074	20.000000
0.036451925	20.000000
0.08166667	20.000000
0.1008776	20.000000
0.11826641	20.000000
0.06032695	20.000000
0.04004674	20.000000
0.05868587	20.000000
0.08578766	20.000000
0.06377206	20.000000
0.069783516	20.000000
0.19156268	20.000000
0.097276874	20.000000
0.07182224	20.000000
0.212785	20.000000
0.15118378	20.000000
0.047138162	20.000000
0.095611446	20.000000
0.12162459	20.000000
0.20046365	20.000000
0.0	20.000000
0.033480424	20.000000
0.08272546	20.000000
0.10229911	20.000000
0.12392855	20.000000
0.0	20.000000
0.055039775	20.000000
0.16270421	20.000000
0.18145606	20.000000
0.14794275	20.000000
0.16797341	20.000000
0.07761828	20.000000
0.14521992	20.000000
0.13988784	20.000000
0.16814083	20.000000
0.2756782	20.000000
0.11754227	20.000000
0.17454405	20.000000
0.095899574	20.000000
0.1543066	20.000000
0.23785049	19.000000
0.17480189	19.000000
0.247019	19.000000
0.09367345	19.000000
0.14992535	19.000000
0.17937846	19.000000
0.101862155	19.000000
0.09770013	19.000000
0.07745048	19.000000
0.20696674	19.000000
0.04311342	19.000000
0.039203756	19.000000
0.08003876	19.000000
-0.02015141	19.000000
0.018333431	19.000000
0.061575234	19.000000
0.14022365	19.000000
0.1636523	19.000000
-0.0035946572	19.000000
0.16468298	19.000000
0.09105315	19.000000
0.15604848	19.000000
0.06398858	19.000000
0.00092220714	19.000000
0.18730903	19.000000
0.07291445	19.000000
0.10057347	19.000000
0.1251102	19.000000
0.050635878	19.000000
0.02950838	19.000000
0.20005395	19.000000
0.2387619	19.000000
0.0908438	19.000000
0.13271834	19.000000
0.16940922	19.000000
0.24514978	19.000000
0.051191274	19.000000
0.0797221	19.000000
0.0	19.000000
0.07824281	19.000000
0.0772547	19.000000
0.18264665	19.000000
0.12100741	19.000000
0.13407552	19.000000
0.20040208	19.000000
0.0	19.000000
0.114313595	19.000000
0.045319885	19.000000
0.13429402	18.000000
0.10593912	18.000000
0.15075453	18.000000
0.10516662	18.000000
0.10972249	18.000000
0.088206135	18.000000
0.115161665	18.000000
0.11500219	18.000000
0.15355861	18.000000
0.055005778	18.000000
0.09136253	18.000000
0.059343234	18.000000
0.13444775	18.000000
0.14754988	18.000000
0.075239874	18.000000
0.07893005	18.000000
0.10781593	18.000000
0.08714834	18.000000
0.07299798	18.000000
0.15519068	18.000000
0.1263322	18.000000
0.07027997	18.000000
0.2091096	18.000000
0.13297118	18.000000
0.16320057	18.000000
-0.0055211126	18.000000
0.09213903	18.000000
0.07348868	18.000000
0.17014216	18.000000
0.0	18.000000
-0.0064962385	18.000000
0.10444395	18.000000
0.10023017	18.000000
0.13563691	18.000000
0.20332566	18.000000
0.15681028	18.000000
0.13031061	18.000000
0.033551607	18.000000
0.041537855	18.000000
0.14748684	18.000000
0.12395567	18.000000
0.11074236	18.000000
-0.010243652	18.000000
0.00812109	18.000000
0.13760175	18.000000
0.13470207	18.000000
0.18256173	18.000000
0.0	18.000000
0.053714685	18.000000
0.0	18.000000
0.047649734	18.000000
0.1738536	18.000000
0.17425953	18.000000
0.054887462	18.000000
0.0	18.000000
0.037908148	18.000000
0.05634982	18.000000
0.10158795	18.000000
0.049770188	18.000000
0.053269215	18.000000
0.13494535	18.000000
0.082898505	18.000000
0.04915577	18.000000
0.13015956	18.000000
0.15887073	18.000000
0.36110345	18.000000
0.1504282	18.000000
0.11957421	18.000000
0.048961762	17.000000
0.025489109	17.000000
0.13771462	17.000000
0.22088987	17.000000
-0.02036775	17.000000
-0.07386552	17.000000
0.11230446	17.000000
0.095553435	17.000000
0.019732954	17.000000
0.054163534	17.000000
0.0477926	17.000000
0.10211068	17.000000
-0.01555808	17.000000
0.042390287	17.000000
0.086371705	17.000000
0.060805615	17.000000
0.009432125	17.000000
0.14842124	17.000000
0.100657955	17.000000
0.1522577	17.000000
0.043815713	17.000000
0.09202284	17.000000
0.10253296	17.000000
0.0367383	17.000000
0.1753065	17.000000
0.054245733	17.000000
0.061281454	17.000000
0.08388595	17.000000
0.13204573	17.000000
0.09363785	17.000000
0.0058033103	17.000000
0.1396602	17.000000
0.13344665	17.000000
0.13300626	17.000000
0.019636657	17.000000
0.21748686	17.000000
0.09165	17.000000
0.11743319	17.000000
0.014691886	17.000000
0.018835649	17.000000
0.15097831	17.000000
0.036661096	17.000000
0.081845835	17.000000
0.09840414	17.000000
0.08383465	17.000000
0.09728107	17.000000
0.18702896	17.000000
0.16439794	17.000000
0.028549101	17.000000
0.07583713	17.000000
0.09546165	17.000000
0.0	17.000000
0.07346403	17.000000
0.08583725	17.000000
0.042632513	17.000000
0.103806786	17.000000
0.13220665	17.000000
0.12437695	17.000000
0.17346983	16.000000
0.08353861	16.000000
0.21336728	16.000000
0.009567298	16.000000
0.06606835	16.000000
0.29264557	16.000000
0.030588226	16.000000
-0.000154721	16.000000
0.16515112	16.000000
0.07170362	16.000000
0.09999913	16.000000
0.09486814	16.000000
0.10094914	16.000000
-0.02505131	16.000000
0.09176399	16.000000
0.056691278	16.000000
0.0293881	16.000000
0.10989104	16.000000
0.04476126	16.000000
-0.05719007	16.000000
0.12456713	16.000000
0.0152883325	16.000000
0.053627163	16.000000
0.078220926	16.000000
0.091591895	16.000000
0.12943617	16.000000
0.12999731	16.000000
0.20590317	16.000000
0.18351716	16.000000
0.06141619	16.000000
0.1844626	16.000000
0.19517173	16.000000
0.05847157	16.000000
0.08357194	16.000000
0.049878743	16.000000
0.07340493	16.000000
0.045876656	16.000000
0.057741303	16.000000
0.006959102	16.000000
0.07126116	16.000000
0.029592665	16.000000
0.0823431	16.000000
0.051523987	16.000000
0.06733837	16.000000
0.009452955	16.000000
0.22966498	16.000000
0.1367909	16.000000
0.032243177	16.000000
0.15775579	16.000000
-0.00433549	16.000000
0.06965239	16.000000
-0.010219816	16.000000
0.06528628	16.000000
0.16332342	16.000000
0.03270999	16.000000
0.11232226	16.000000
0.09485721	16.000000
0.106657445	16.000000
0.024898944	16.000000
0.075122096	16.000000
0.13554312	16.000000
0.14455253	16.000000
0.09243736	16.000000
0.057720914	16.000000
0.039246187	16.000000
0.12083999	16.000000
0.12768531	16.000000
0.19408417	16.000000
0.0	16.000000
0.063611336	16.000000
0.093712896	16.000000
0.040206045	16.000000
0.1432956	16.000000
0.14223282	16.000000
0.041225623	16.000000
0.09896882	15.000000
0.15335222	15.000000
0.009755288	15.000000
0.042473797	15.000000
0.08188738	15.000000
0.14825912	15.000000
0.076879136	15.000000
0.048260357	15.000000
0.0	15.000000
0.10251552	15.000000
0.0	15.000000
0.19367205	15.000000
-0.038124148	15.000000
0.1183322	15.000000
0.0	15.000000
0.0047705094	15.000000
0.014723423	15.000000
0.16200335	15.000000
0.05436935	15.000000
0.0	15.000000
0.09979506	15.000000
0.0038960432	15.000000
0.12298889	15.000000
0.022065815	15.000000
0.17251335	15.000000
0.087369084	15.000000
0.07870415	15.000000
0.13307554	15.000000
0.029643448	15.000000
0.08951988	15.000000
0.02230445	15.000000
0.06111679	15.000000
0.043083347	15.000000
0.07173786	15.000000
0.07480542	15.000000
0.12039963	15.000000
0.070181616	15.000000
0.09973659	15.000000
0.08434884	15.000000
0.027698418	15.000000
0.09645414	15.000000
0.0	15.000000
0.12295287	15.000000
0.0	15.000000
0.14765348	15.000000
0.1612738	15.000000
-0.034700606	15.000000
0.13810985	15.000000
0.0562402	15.000000
0.0421518	15.000000
0.06271002	15.000000
0.10516936	15.000000
0.053184222	15.000000
0.046428893	15.000000
0.065969795	15.000000
0.13231388	15.000000
0.10111181	15.000000
0.04156838	15.000000
0.13995768	15.000000
0.08947814	15.000000
0.059545465	15.000000
0.110241674	15.000000
0.17665695	15.000000
0.123103805	15.000000
0.044324923	15.000000
0.04427465	15.000000
0.07648967	15.000000
0.06187435	15.000000
0.0	15.000000
0.039108444	14.000000
0.07197354	14.000000
0.08792869	14.000000
0.06209123	14.000000
-0.023387805	14.000000
0.0	14.000000
0.024659494	14.000000
0.0943899	14.000000
0.023016864	14.000000
0.075743794	14.000000
0.0	14.000000
0.00841711	14.000000
0.22082718	14.000000
0.039457344	14.000000
0.031595375	14.000000
0.10299119	14.000000
0.029957147	14.000000
0.17619118	14.000000
-0.07270372	14.000000
0.08056552	14.000000
0.073752254	14.000000
0.11173247	14.000000
0.02309087	14.000000
0.11219396	14.000000
0.11595741	14.000000
0.07333788	14.000000
0.036136594	14.000000
0.116777346	14.000000
0.0	14.000000
0.012105238	14.000000
0.09493316	14.000000
0.088415585	14.000000
-0.010061446	14.000000
0.09194801	14.000000
0.08571682	14.000000
0.06638098	14.000000
0.04492018	14.000000
0.07471803	14.000000
0.051342092	14.000000
-0.00070840074	14.000000
0.07270612	14.000000
-0.007789398	14.000000
0.09064238	14.000000
0.109052464	14.000000
-0.0047024535	14.000000
0.036818795	14.000000
0.06297254	14.000000
0.0	14.000000
-0.0039944807	14.000000
0.07615821	14.000000
-0.06855482	14.000000
0.04570823	14.000000
0.027597178	14.000000
0.01944807	14.000000
0.01864263	14.000000
0.15292941	14.000000
0.114594005	14.000000
0.20941532	14.000000
0.03766837	14.000000
0.15687425	14.000000
0.046910126	14.000000
-0.016972817	14.000000
0.115181796	14.000000
0.08809401	14.000000
-0.0006867393	14.000000
0.059184678	14.000000
0.1131764	14.000000
0.07106191	14.000000
0.10807133	14.000000
-0.013619162	14.000000
0.05258262	14.000000
0.07436965	14.000000
0.08162098	14.000000
0.025578516	14.000000
0.030730221	14.000000
0.08638173	14.000000
0.0065804394	14.000000
0.0	14.000000
0.047551654	14.000000
-0.07460329	14.000000
0.04029166	13.000000
0.18872458	13.000000
0.08308979	13.000000
0.09799659	13.000000
0.028936258	13.000000
0.11134488	13.000000
0.1323119	13.000000
0.0	13.000000
0.06307071	13.000000
0.24894688	13.000000
0.099471845	13.000000
0.14757735	13.000000
0.023950523	13.000000
0.0	13.000000
0.0	13.000000
0.16647355	13.000000
0.029398622	13.000000
0.1281164	13.000000
0.06588112	13.000000
0.057159256	13.000000
0.005714791	13.000000
0.04296936	13.000000
0.0	13.000000
0.009776909	13.000000
0.08064064	13.000000
0.050667226	13.000000
0.14312264	13.000000
0.063309915	13.000000
0.06978374	13.000000
0.04984354	13.000000
0.054635033	13.000000
0.02473974	13.000000
0.008918862	13.000000
0.101545565	13.000000
0.018442007	13.000000
0.07588801	13.000000
0.06676321	13.000000
0.05829421	13.000000
0.12015511	13.000000
0.119890146	13.000000
-0.00095501356	13.000000
0.08646274	13.000000
0.0	13.000000
0.011163702	13.000000
0.05372209	13.000000
0.10483039	13.000000
0.06457108	13.000000
0.05456709	13.000000
0.06798439	13.000000
0.04119978	13.000000
0.05207202	13.000000
0.22302064	13.000000
0.14083976	13.000000
0.018316329	13.000000
0.059559815	13.000000
0.0097404225	13.000000
0.036165882	13.000000
0.10526371	13.000000
0.04222913	13.000000
-0.009891829	13.000000
0.09377628	12.000000
0.1443096	12.000000
0.06874694	12.000000
0.096607104	12.000000
0.053877637	12.000000
0.10388486	12.000000
0.04135993	12.000000
0.047464207	12.000000
-0.015750106	12.000000
0.047332566	12.000000
0.02192512	12.000000
0.09850221	12.000000
0.033413865	12.000000
0.072869286	12.000000
0.0	12.000000
0.05696666	12.000000
0.03258653	12.000000
0.06324945	12.000000
0.035957657	12.000000
-0.022713583	12.000000
0.12265415	12.000000
-0.014188738	12.000000
0.13353118	12.000000
0.10351477	12.000000
-0.028421901	12.000000
0.1034685	12.000000
0.019447705	12.000000
0.06295584	12.000000
0.16122554	12.000000
0.07769507	12.000000
0.070507586	12.000000
0.08562899	12.000000
0.115829855	12.000000
0.08136156	12.000000
0.042670082	12.000000
0.033552747	12.000000
0.025850222	12.000000
0.12610261	12.000000
0.1407099	12.000000
0.04979893	12.000000
0.042845827	12.000000
0.05547398	12.000000
0.12969247	12.000000
0.018700073	12.000000
0.1008206	12.000000
0.09118856	12.000000
0.04971165	12.000000
0.08721233	12.000000
-0.0041967635	12.000000
0.0666119	12.000000
0.0981515	12.000000
0.040543247	12.000000
-0.0020909365	12.000000
-0.0066032456	12.000000
0.10152821	12.000000
0.11626274	12.000000
0.10216953	12.000000
0.1615038	12.000000
-0.011002112	12.000000
0.039529756	12.000000
0.08234505	12.000000
0.0700806	12.000000
0.12923747	12.000000
0.10450011	12.000000
0.06599207	12.000000
0.16308399	12.000000
0.07664974	12.000000
0.08291384	12.000000
-0.008157638	12.000000
0.0626477	11.000000
0.083839394	11.000000
0.1520743	11.000000
0.0	11.000000
0.07277462	11.000000
0.029440934	11.000000
0.03354771	11.000000
0.04487102	11.000000
0.048283927	11.000000
0.1193462	11.000000
0.11439449	11.000000
0.008089567	11.000000
0.12281314	11.000000
0.0	11.000000
0.0	11.000000
0.1035606	11.000000
0.1406824	11.000000
0.058214236	11.000000
-0.022924764	11.000000
0.04051254	11.000000
0.03134371	11.000000
0.0867787	11.000000
0.02632261	11.000000
0.007859938	11.000000
0.048665956	11.000000
0.17537673	11.000000
0.033656143	11.000000
0.0	11.000000
0.025810027	11.000000
0.089465365	11.000000
0.0	11.000000
0.007852461	11.000000
0.13342923	11.000000
0.064929396	11.000000
0.07963863	11.000000
0.0	11.000000
0.028932584	11.000000
0.063655496	11.000000
0.10362589	11.000000
0.169445	11.000000
0.0044258335	11.000000
0.051118825	11.000000
0.10765973	11.000000
0.0	11.000000
0.029565753	11.000000
0.08299142	11.000000
0.100325175	11.000000
0.08456138	11.000000
0.08625189	11.000000
0.07065666	11.000000
0.03712104	11.000000
0.004376296	11.000000
0.14111075	11.000000
0.027333742	11.000000
0.06250751	11.000000
-0.049999654	11.000000
0.0	11.000000
0.080896646	11.000000
0.07501574	11.000000
0.014755957	11.000000
0.024093501	11.000000
0.028295167	11.000000
0.17019671	11.000000
-0.018820176	11.000000
0.017062012	11.000000
0.09765344	11.000000
0.038035695	11.000000
-0.034941293	11.000000
-0.008081828	11.000000
0.08561272	11.000000
0.08155071	11.000000
0.0	11.000000
0.01997516	11.000000
0.083233654	11.000000
0.09626129	11.000000
0.110077806	11.000000
0.09862782	11.000000
0.012012615	11.000000
0.11858583	11.000000
0.015351443	11.000000
0.083651416	11.000000
-0.013860277	10.000000
-0.02649939	10.000000
-0.017711228	10.000000
0.021739049	10.000000
0.06500201	10.000000
0.0737756	10.000000
0.121900775	10.000000
0.010219464	10.000000
0.0	10.000000
0.12187106	10.000000
0.18961975	10.000000
0.17119496	10.000000
0.022075184	10.000000
0.08382922	10.000000
-0.03744844	10.000000
0.014200925	10.000000
0.09338787	10.000000
0.03167576	10.000000
0.25249335	10.000000
-0.023435216	10.000000
0.017157553	10.000000
0.06782463	10.000000
0.0	10.000000
0.04146843	10.000000
0.025720071	10.000000
0.009124428	10.000000
0.09034484	10.000000
0.020935273	10.000000
0.032423418	10.000000
0.022562023	10.000000
0.06305362	10.000000
0.0662432	10.000000
0.018247701	10.000000
0.12042639	10.000000
0.091276094	10.000000
0.027493717	10.000000
0.02605425	10.000000
0.08353533	10.000000
0.07519199	10.000000
0.093327835	10.000000
0.16593285	10.000000
0.08757082	10.000000
0.094780385	10.000000
0.08505284	10.000000
0.044072438	10.000000
0.0	10.000000
0.10102956	10.000000
0.027849535	10.000000
0.03483391	10.000000
0.0	10.000000
0.14437208	10.000000
0.023205549	10.000000
0.07450841	10.000000
0.018337797	10.000000
0.07933776	10.000000
0.035665225	10.000000
0.03874747	10.000000
0.11958273	10.000000
0.0	10.000000
0.12256473	10.000000
-0.019501224	10.000000
0.018041663	10.000000
0.11700499	10.000000
0.065129355	10.000000
0.06315419	10.000000
0.048175987	10.000000
0.079701856	10.000000
0.04168227	10.000000
0.074561596	10.000000
0.08277262	10.000000
0.16306344	10.000000
0.10535985	10.000000
-0.028972812	10.000000
0.095956706	10.000000
0.059133966	10.000000
0.059045974	10.000000
0.09181168	10.000000
0.02863697	10.000000
0.067194074	10.000000
0.053509817	10.000000
0.06423791	10.000000
0.00054169446	10.000000
-0.028788114	10.000000
0.08409439	9.000000
0.0035468345	9.000000
0.08134211	9.000000
0.050226454	9.000000
0.030196516	9.000000
0.033611316	9.000000
0.096483104	9.000000
0.0	9.000000
0.015603676	9.000000
0.08785325	9.000000
0.08696313	9.000000
0.056935426	9.000000
0.06232483	9.000000
0.09044134	9.000000
0.08102615	9.000000
-0.07454722	9.000000
0.12655272	9.000000
0.0	9.000000
0.04740522	9.000000
0.0	9.000000
-7.280092e-05	9.000000
0.10283623	9.000000
0.054128103	9.000000
0.01050355	9.000000
0.0	9.000000
0.08164372	9.000000
0.025773758	9.000000
0.092773475	9.000000
0.0	9.000000
0.092801414	9.000000
0.045422293	9.000000
-0.031144645	9.000000
-0.0052556507	9.000000
-0.02438926	9.000000
0.11293625	9.000000
0.036454514	9.000000
0.009043252	9.000000
-0.021996096	9.000000
0.113282956	9.000000
0.114308685	9.000000
0.03721855	9.000000
0.09232448	9.000000
-0.046584673	9.000000
0.014546732	9.000000
0.012610656	9.000000
0.17396446	9.000000
0.025186364	9.000000
0.03231952	9.000000
0.0	9.000000
0.023795584	9.000000
0.0	9.000000
-0.0053605246	9.000000
0.0597294	9.000000
0.058861516	9.000000
0.030722493	9.000000
0.07356329	9.000000
-0.0060642357	9.000000
0.036940623	9.000000
0.0	9.000000
0.0	9.000000
0.05078214	9.000000
0.052053694	9.000000
0.04675881	9.000000
0.075622186	9.000000
0.03611816	9.000000
0.0	9.000000
0.009920848	9.000000
0.087572135	9.000000
0.041246224	9.000000
0.053260993	9.000000
0.0670644	9.000000
0.12074695	9.000000
0.1104033	9.000000
-0.0004958214	9.000000
0.10123622	9.000000
0.018028036	9.000000
0.19426186	9.000000
0.05989095	9.000000
0.031728625	9.000000
0.06954686	9.000000
0.010624709	9.000000
0.077026136	9.000000
0.07340746	9.000000
0.078459	8.000000
0.02083351	8.000000
0.056574665	8.000000
0.03505032	8.000000
0.0	8.000000
0.046130043	8.000000
0.10160342	8.000000
0.0	8.000000
0.03747785	8.000000
0.08678175	8.000000
0.08689786	8.000000
0.015001622	8.000000
0.009630976	8.000000
0.016406417	8.000000
-0.0031358288	8.000000
0.12934162	8.000000
-0.029925037	8.000000
0.032007672	8.000000
0.08109048	8.000000
0.037518114	8.000000
0.03376783	8.000000
0.07331708	8.000000
0.09533037	8.000000
-0.043698285	8.000000
0.10697515	8.000000
0.08692115	8.000000
0.05448679	8.000000
0.118835844	8.000000
0.042601682	8.000000
-0.00043725513	8.000000
0.043225132	8.000000
0.10350409	8.000000
0.10416881	8.000000
0.056332365	8.000000
0.040298205	8.000000
0.04962638	8.000000
-0.00066070445	8.000000
0.09419138	8.000000
0.07141274	8.000000
0.105443604	8.000000
0.0	8.000000
0.027762035	8.000000
0.005648881	8.000000
0.042301852	8.000000
0.0	8.000000
0.04566289	8.000000
0.039844025	8.000000
0.053226896	8.000000
0.042399034	8.000000
0.04614611	8.000000
0.061078276	8.000000
0.08687578	8.000000
0.03462948	8.000000
0.057170577	8.000000
0.20271273	8.000000
0.026095496	8.000000
0.08213927	7.000000
0.047293585	7.000000
0.08277452	7.000000
0.061960563	7.000000
0.0	7.000000
0.051867258	7.000000
0.082869545	7.000000
-0.050518833	7.000000
0.044782825	7.000000
0.13616763	7.000000
0.07032249	7.000000
-0.008729892	7.000000
0.0012351222	7.000000
0.0	7.000000
0.051151413	7.000000
0.038748756	7.000000
0.06074354	7.000000
0.03727534	7.000000
-0.05544918	7.000000
0.04441898	7.000000
0.1584454	7.000000
0.046596635	7.000000
0.0	7.000000
0.123550884	7.000000
0.010163747	7.000000
0.060772654	7.000000
0.08335671	7.000000
0.012885813	7.000000
0.025435006	7.000000
0.09421079	7.000000
0.06264303	7.000000
0.023253825	7.000000
0.14144616	7.000000
0.03672142	7.000000
0.052042585	7.000000
0.1513626	7.000000
0.07895348	7.000000
0.07448403	7.000000
0.1501155	7.000000
0.050010055	7.000000
0.012023786	7.000000
0.059197128	7.000000
0.0	7.000000
0.21402247	7.000000
0.0469076	7.000000
-0.016189905	7.000000
0.12408556	7.000000
0.07259435	7.000000
0.19416428	7.000000
0.06694912	7.000000
0.051541563	7.000000
0.03525644	7.000000
0.06887786	7.000000
0.0875024	7.000000
0.10075885	7.000000
0.026046703	7.000000
0.0	7.000000
0.05956234	7.000000
0.10777891	7.000000
0.030699397	7.000000
0.14741305	7.000000
0.046525974	7.000000
0.14127558	7.000000
0.091627404	7.000000
0.063463256	7.000000
0.028292902	7.000000
0.09986825	7.000000
0.03136712	7.000000
-0.011575851	7.000000
-0.013834929	7.000000
0.054946117	7.000000
0.07923392	7.000000
0.005563708	7.000000
0.04061781	7.000000
0.16551992	7.000000
0.0	7.000000
0.003900752	7.000000
-0.023130309	7.000000
0.048032764	7.000000
0.09892181	7.000000
0.022279331	7.000000
0.07796058	7.000000
0.07576843	7.000000
0.0111064315	6.000000
0.026115438	6.000000
0.019062355	6.000000
0.095207594	6.000000
0.030556237	6.000000
-0.02304211	6.000000
0.09013511	6.000000
-0.01577619	6.000000
0.009928971	6.000000
0.10916312	6.000000
0.08640394	6.000000
0.022674387	6.000000
0.050754525	6.000000
0.0156815	6.000000
0.10832537	6.000000
0.06841758	6.000000
-0.034972303	6.000000
0.0	6.000000
-0.011180998	6.000000
0.03801089	6.000000
-0.068824165	6.000000
0.101048894	6.000000
0.044564847	6.000000
-0.02509605	6.000000
-0.00257111	6.000000
0.041720286	6.000000
0.0061233467	6.000000
0.024245594	6.000000
0.0	6.000000
0.1032331	6.000000
-0.020069601	6.000000
0.047224287	6.000000
0.06001983	6.000000
0.0298141	6.000000
0.04369588	6.000000
0.10719733	6.000000
0.025998978	6.000000
0.03524389	6.000000
-0.0067588813	6.000000
0.040496927	6.000000
0.04385127	6.000000
0.014208351	6.000000
0.06792681	6.000000
0.06445758	6.000000
0.047336783	6.000000
0.020971077	6.000000
0.0365899	6.000000
0.0	6.000000
0.023958702	6.000000
0.040687956	6.000000
0.030847156	6.000000
0.0	6.000000
0.058828574	6.000000
0.035252556	6.000000
0.0029620053	6.000000
0.0	6.000000
0.0555619	6.000000
0.028266989	5.000000
-0.0004360552	5.000000
0.049850777	5.000000
0.0650921	5.000000
0.062370896	5.000000
0.032772772	5.000000
-0.03443634	5.000000
0.05516513	5.000000
0.09327372	5.000000
0.017600758	5.000000
0.05105916	5.000000
0.0	5.000000
0.051972516	5.000000
-0.017962351	5.000000
0.06116637	5.000000
0.078441456	5.000000
0.0	5.000000
0.0	5.000000
0.05566705	5.000000
0.058477465	5.000000
0.028572043	5.000000
0.035914313	5.000000
0.063281745	5.000000
0.0	5.000000
0.081822746	5.000000
0.12411002	5.000000
0.14551397	5.000000
0.036886048	5.000000
0.035759255	5.000000
0.06706624	5.000000
0.04792863	5.000000
0.1152648	5.000000
0.020024933	5.000000
0.027539328	5.000000
0.0075049135	5.000000
0.047682807	5.000000
0.0	5.000000
0.05411588	5.000000
0.03150725	5.000000
0.013198953	5.000000
0.09901411	5.000000
0.03742407	5.000000
0.007995026	5.000000
-0.0044186995	5.000000
0.100874506	5.000000
0.0	5.000000
0.1264624	5.000000
-0.019670287	5.000000
0.07306988	5.000000
0.07065432	5.000000
0.011744958	5.000000
0.015070989	5.000000
0.04742085	5.000000
0.0773715	5.000000
0.077981226	5.000000
-0.0046257903	5.000000
0.086393334	5.000000
0.03222592	5.000000
0.14613932	5.000000
-0.004314072	5.000000
0.07279953	5.000000
0.04984118	5.000000
0.13007586	5.000000
0.027220244	4.000000
-0.015914043	4.000000
0.0	4.000000
0.039515756	4.000000
0.17715147	4.000000
0.007906108	4.000000
0.0	4.000000
0.03659368	4.000000
-0.025883567	4.000000
0.0	4.000000
0.10698669	4.000000
0.022112727	4.000000
0.018732857	4.000000
0.11631923	4.000000
0.096890524	4.000000
0.0379372	4.000000
0.056482784	4.000000
0.058136694	4.000000
0.0	4.000000
0.06464092	4.000000
0.13437381	4.000000
0.0	4.000000
0.12967199	4.000000
0.05869875	4.000000
0.0	4.000000
0.042201087	4.000000
0.07186453	4.000000
-0.01906188	4.000000
0.104099706	4.000000
0.01575196	4.000000
0.07123492	4.000000
0.036521833	4.000000
0.050944958	4.000000
0.053139172	3.000000
0.065482125	3.000000
0.12274749	3.000000
0.032725304	3.000000
-0.006302073	3.000000
0.0	3.000000
0.10118866	3.000000
0.014284121	3.000000
0.0652993	3.000000
0.098566	3.000000
0.04148762	3.000000
0.07574626	3.000000
-0.016520914	3.000000
0.01166311	3.000000
0.049892128	3.000000
-0.009676196	3.000000
0.084318034	3.000000
0.0	3.000000
-0.054361813	2.000000
0.013531792	2.000000
0.00066542876	2.000000
0.090816595	2.000000
0.0867654	2.000000
0.0013370994	2.000000
0.083174005	2.000000
0.063211866	2.000000
0.059970435	1.000000
0.03735292	1.000000
-0.010107114	1.000000
0.0	1.000000
0.008654749	1.000000
0.066809475	1.000000
0.05560887	0.000000
