0.14994867	50.000000
0.20372954	50.000000
0.1772378	49.000000
0.26499113	49.000000
0.23478459	49.000000
0.17945404	49.000000
0.0	49.000000
0.2297135	49.000000
0.1861949	49.000000
0.0	48.000000
0.102907896	48.000000
0.23165528	48.000000
0.18401903	48.000000
0.13422853	48.000000
0.14438702	48.000000
0.24414803	48.000000
0.12318067	48.000000
0.13382052	47.000000
0.20500846	47.000000
0.0	47.000000
0.18260989	47.000000
0.21848251	47.000000
0.32781157	47.000000
0.20143577	47.000000
0.21473105	47.000000
0.23853602	46.000000
0.23604992	46.000000
0.18155639	46.000000
0.33292344	46.000000
0.18661955	46.000000
0.13238855	46.000000
0.21856688	46.000000
0.2356097	46.000000
0.27631116	46.000000
0.18002905	46.000000
0.19816963	46.000000
0.3361916	46.000000
0.044386838	46.000000
0.0	46.000000
0.11732812	46.000000
0.16479728	46.000000
0.27652347	46.000000
0.0	46.000000
0.0	46.000000
0.0	46.000000
0.39020848	46.000000
0.23066138	46.000000
0.11980733	46.000000
0.10976807	46.000000
0.287699	46.000000
0.21249491	46.000000
0.24264182	46.000000
0.17984769	46.000000
0.08442321	45.000000
0.16595592	45.000000
0.32961458	45.000000
0.20829703	45.000000
0.109564364	45.000000
0.22614281	45.000000
0.2648402	45.000000
0.17208932	45.000000
0.0	45.000000
0.19493386	45.000000
0.20860484	45.000000
0.16397943	45.000000
0.21919164	45.000000
0.27910298	45.000000
0.0	45.000000
0.19270258	45.000000
0.223131	45.000000
0.18670948	45.000000
0.11296392	45.000000
0.10479088	45.000000
0.36638337	45.000000
0.20703425	45.000000
0.0	45.000000
0.25634256	45.000000
0.09841028	45.000000
0.23558608	45.000000
0.180976	45.000000
0.16746019	45.000000
0.26829535	45.000000
0.24753489	45.000000
0.20818996	45.000000
0.19949374	45.000000
0.2562734	45.000000
0.010672783	45.000000
0.28612292	45.000000
0.20346117	45.000000
0.0	45.000000
0.0	45.000000
0.0	45.000000
0.0	45.000000
0.23374122	45.000000
0.24002329	44.000000
0.0	44.000000
0.24392448	44.000000
0.2618838	44.000000
0.1047517	44.000000
0.21532609	44.000000
0.07197489	44.000000
0.15601231	44.000000
0.25138333	44.000000
0.07214768	44.000000
0.20332052	44.000000
0.101904176	44.000000
0.17014323	44.000000
0.0	44.000000
0.14111966	44.000000
0.0	44.000000
0.12979043	44.000000
0.13544314	44.000000
0.066603445	44.000000
0.20375274	44.000000
0.08355654	44.000000
0.14228795	44.000000
0.23933865	44.000000
0.11496776	44.000000
0.1398582	44.000000
0.0	44.000000
0.0	44.000000
0.13786821	44.000000
0.23049341	44.000000
0.0	44.000000
0.0	44.000000
0.0	44.000000
0.13892238	44.000000
0.18335946	44.000000
0.2108169	44.000000
0.23134834	44.000000
0.26020736	44.000000
0.21444304	44.000000
0.13218395	44.000000
0.23113269	44.000000
0.118060514	44.000000
0.0	44.000000
0.0	44.000000
0.22044446	44.000000
0.27158308	44.000000
0.10455479	44.000000
0.0	44.000000
0.0	44.000000
0.12808926	44.000000
0.0	44.000000
0.17954701	44.000000
0.18951373	43.000000
0.117984146	43.000000
0.18380335	43.000000
0.14777383	43.000000
0.22117548	43.000000
0.13914786	43.000000
0.14238799	43.000000
0.2078532	43.000000
0.2826359	43.000000
0.2236497	43.000000
0.20721543	43.000000
0.24619463	43.000000
0.20654868	43.000000
0.17953047	43.000000
0.25362116	43.000000
0.0	43.000000
0.19102173	43.000000
0.22371218	43.000000
0.19820862	43.000000
0.10568772	43.000000
0.28161207	43.000000
0.0	43.000000
0.19507016	43.000000
0.18681024	43.000000
0.17743313	43.000000
0.20301174	43.000000
0.0	43.000000
0.04043586	43.000000
0.14456892	43.000000
0.16157237	43.000000
0.10103461	43.000000
0.0	43.000000
0.12560268	43.000000
0.0	43.000000
0.33055124	43.000000
0.33485815	43.000000
0.28198966	43.000000
0.19908753	43.000000
0.0	43.000000
0.20498867	43.000000
0.0	43.000000
0.19091764	43.000000
0.123850755	43.000000
0.14077543	43.000000
0.30275798	43.000000
0.0	43.000000
0.14113742	43.000000
0.18426259	43.000000
0.28806666	43.000000
0.29019794	43.000000
0.12532313	43.000000
0.15190351	43.000000
0.17398883	43.000000
0.1262943	43.000000
-0.036197513	43.000000
0.34313074	43.000000
0.14002194	43.000000
0.15590617	43.000000
0.2642592	43.000000
0.18275018	43.000000
0.2605751	43.000000
0.22779779	43.000000
0.0	43.000000
0.14060137	43.000000
0.17780796	43.000000
0.10100679	43.000000
0.0	42.000000
0.17620263	42.000000
0.26730677	42.000000
0.25793615	42.000000
0.14589873	42.000000
0.0	42.000000
0.06884866	42.000000
0.14853372	42.000000
0.04579541	42.000000
0.0	42.000000
0.13484453	42.000000
0.2125462	42.000000
0.21188138	42.000000
0.22760403	42.000000
0.1660029	42.000000
0.39842	42.000000
0.1503509	42.000000
0.15788426	42.000000
0.2832348	42.000000
0.08693766	42.000000
0.0	42.000000
0.19630997	42.000000
0.0	42.000000
0.1652783	42.000000
0.17550491	42.000000
0.23092481	42.000000
0.14698432	42.000000
0.26504424	42.000000
0.20370407	42.000000
0.14026836	42.000000
0.22642204	42.000000
0.14631298	42.000000
0.23089096	42.000000
0.2748947	42.000000
0.10940867	42.000000
0.14636585	42.000000
0.22875436	42.000000
0.22604206	42.000000
0.24013986	42.000000
0.22648409	42.000000
0.0	42.000000
0.12761253	42.000000
0.2284082	42.000000
0.24601163	42.000000
0.23094453	42.000000
0.31036308	42.000000
0.23493734	42.000000
0.16190346	42.000000
0.0	42.000000
0.14668277	42.000000
0.15260401	42.000000
0.18376546	42.000000
0.25544637	42.000000
0.17392975	42.000000
0.15054324	42.000000
0.0	42.000000
0.22890726	42.000000
0.09581182	42.000000
0.11366966	42.000000
0.17141747	42.000000
0.05545739	42.000000
0.242924	42.000000
0.111818865	42.000000
0.15357512	42.000000
0.1769885	42.000000
0.15687506	42.000000
0.09097488	42.000000
0.17710266	42.000000
0.14354427	42.000000
0.1886173	42.000000
0.21204937	42.000000
0.0	42.000000
0.11418119	42.000000
0.22972542	42.000000
0.13124101	41.000000
0.3698453	41.000000
0.2046144	41.000000
0.38959035	41.000000
0.1429103	41.000000
0.261954	41.000000
0.13899624	41.000000
0.22490309	41.000000
0.26113647	41.000000
0.120028414	41.000000
0.15337254	41.000000
0.27576113	41.000000
0.23190689	41.000000
0.15500396	41.000000
0.11793373	41.000000
0.037034404	41.000000
0.31764573	41.000000
0.22922324	41.000000
0.0	41.000000
0.0	41.000000
0.11692399	41.000000
0.14636205	41.000000
0.16201678	41.000000
0.22208615	41.000000
0.118043326	41.000000
0.0640513	41.000000
0.18823572	41.000000
0.0	41.000000
0.25356793	41.000000
0.16488491	41.000000
0.06964346	41.000000
0.27055195	41.000000
0.1693357	41.000000
0.11955585	41.000000
0.14950497	41.000000
0.1471554	41.000000
0.2638138	41.000000
0.103360996	41.000000
0.21822456	41.000000
0.22778907	41.000000
0.117720395	41.000000
0.0	41.000000
0.11761568	41.000000
0.30659527	41.000000
0.0	41.000000
0.12036675	41.000000
0.17951399	41.000000
0.15732498	41.000000
0.21802346	41.000000
0.18287693	41.000000
0.24810466	41.000000
0.0	41.000000
0.20740178	41.000000
0.29019764	41.000000
0.26052415	41.000000
0.20205931	41.000000
0.19717127	41.000000
0.08676162	41.000000
0.0	41.000000
0.112425216	41.000000
0.17994277	41.000000
0.12210074	41.000000
0.10036733	41.000000
0.0	41.000000
0.0	41.000000
0.1470266	41.000000
0.18667595	41.000000
0.23835444	41.000000
0.1901998	41.000000
0.16857636	41.000000
0.2894077	41.000000
0.17633517	41.000000
0.26522022	41.000000
0.03475324	41.000000
0.0	41.000000
0.2464057	41.000000
0.21213587	40.000000
0.0	40.000000
0.15493336	40.000000
0.15396598	40.000000
0.17258373	40.000000
0.15471715	40.000000
0.0	40.000000
0.0	40.000000
0.1422358	40.000000
0.23464292	40.000000
0.1821176	40.000000
0.0	40.000000
0.0	40.000000
0.16571237	40.000000
0.17777331	40.000000
0.15707941	40.000000
0.07708127	40.000000
0.20832793	40.000000
0.2815346	40.000000
0.119341895	40.000000
0.26520044	40.000000
0.09785032	40.000000
0.0	40.000000
0.17231938	40.000000
0.2091382	40.000000
0.13047537	40.000000
0.14213109	40.000000
0.17112063	40.000000
0.13829477	40.000000
0.1899846	40.000000
0.13393337	40.000000
0.0	40.000000
0.114348784	40.000000
0.19981676	40.000000
0.25237414	40.000000
0.14921136	40.000000
0.09159285	40.000000
0.0	40.000000
0.10047301	40.000000
0.30396736	40.000000
0.14124128	40.000000
0.0	40.000000
0.19301711	40.000000
0.05559343	40.000000
0.17239723	40.000000
0.14996907	40.000000
0.0	40.000000
0.11921876	40.000000
0.18313332	40.000000
0.0	40.000000
0.2079676	40.000000
0.0	40.000000
0.12766789	40.000000
0.13333982	40.000000
0.17098309	40.000000
0.0	40.000000
0.22865915	40.000000
0.0	40.000000
0.0	40.000000
0.23215055	40.000000
0.11522019	40.000000
0.28473026	40.000000
0.17229429	40.000000
0.15342526	40.000000
0.19024485	40.000000
0.11157281	40.000000
0.19026066	40.000000
0.4031813	40.000000
0.08454696	40.000000
0.1830065	40.000000
0.32402432	40.000000
0.22357893	39.000000
0.111049704	39.000000
0.0	39.000000
0.11701293	39.000000
0.17397018	39.000000
0.20387977	39.000000
0.07156099	39.000000
0.0	39.000000
0.21576306	39.000000
0.050989337	39.000000
0.19899854	39.000000
0.1343047	39.000000
0.28648683	39.000000
0.120225556	39.000000
0.1708663	39.000000
0.1292747	39.000000
0.0	39.000000
0.19634208	39.000000
0.0	39.000000
0.21363118	39.000000
0.23363973	39.000000
0.17870519	39.000000
0.0	39.000000
0.18918814	39.000000
0.10075856	39.000000
0.16985954	39.000000
0.18816608	39.000000
0.21265927	39.000000
0.26952183	39.000000
0.1294482	39.000000
0.19012176	39.000000
0.22639328	39.000000
0.34845763	39.000000
0.1452459	39.000000
0.2684764	39.000000
0.18017597	39.000000
0.19568191	39.000000
0.1675762	39.000000
0.0	39.000000
0.17163594	39.000000
0.22694239	39.000000
0.19753596	39.000000
0.18972018	39.000000
0.07130028	39.000000
0.0	39.000000
0.0	39.000000
0.04887357	39.000000
0.32984537	39.000000
0.06973878	39.000000
0.14777727	39.000000
0.05631537	39.000000
0.13954568	39.000000
0.19554299	39.000000
0.15477277	39.000000
0.13848566	39.000000
0.19871847	39.000000
0.21056679	39.000000
0.13904768	39.000000
0.25409612	39.000000
0.15237392	39.000000
0.11696505	39.000000
0.091987275	39.000000
0.0	39.000000
0.18440543	39.000000
0.20994525	39.000000
0.034535695	39.000000
0.002889393	39.000000
0.0	39.000000
0.13289869	39.000000
0.1577343	39.000000
0.15746039	39.000000
0.22534363	39.000000
0.0	39.000000
0.075973846	39.000000
0.0	39.000000
0.09393155	39.000000
0.18818204	39.000000
0.0	39.000000
0.1736889	39.000000
0.2554686	39.000000
0.0	39.000000
0.21703759	39.000000
0.30918965	39.000000
0.0	38.000000
0.0	38.000000
0.12524083	38.000000
0.17477888	38.000000
0.18272114	38.000000
0.141472	38.000000
0.3175974	38.000000
0.20839709	38.000000
0.16508093	38.000000
0.19323875	38.000000
0.15283404	38.000000
0.26301026	38.000000
0.121641375	38.000000
0.14595993	38.000000
0.14834844	38.000000
0.08629191	38.000000
0.17417587	38.000000
0.23285617	38.000000
0.27708018	38.000000
0.0	38.000000
0.15462598	38.000000
0.28032675	38.000000
0.10186785	38.000000
0.16986078	38.000000
0.19543974	38.000000
0.24414653	38.000000
0.0	38.000000
0.13481475	38.000000
0.07768396	38.000000
0.278978	38.000000
0.1271871	38.000000
0.0	38.000000
0.17269151	38.000000
0.11170038	38.000000
0.0	38.000000
0.12115557	38.000000
0.29241523	38.000000
0.1847472	38.000000
0.0	38.000000
0.042730857	38.000000
0.17971268	38.000000
0.22047275	38.000000
0.16258597	38.000000
0.37389985	38.000000
0.21857437	38.000000
0.18592052	38.000000
0.1466019	38.000000
0.16196844	38.000000
0.18024363	38.000000
0.28585595	38.000000
0.161158	38.000000
0.24106357	38.000000
0.14855073	38.000000
0.32850122	38.000000
0.20864627	38.000000
0.2586732	38.000000
0.0	38.000000
0.19561793	38.000000
0.19291028	38.000000
0.14037418	38.000000
0.23121805	38.000000
0.15602684	38.000000
0.07278592	38.000000
0.11281277	38.000000
0.13985142	38.000000
0.0	38.000000
0.23417307	38.000000
0.15631887	38.000000
0.13876934	38.000000
0.18439402	38.000000
0.16239381	38.000000
0.10601351	38.000000
0.15671526	38.000000
0.2698494	38.000000
0.19250844	38.000000
0.12834926	38.000000
0.18275186	38.000000
0.22028154	38.000000
0.111219	38.000000
0.0	38.000000
0.10025151	37.000000
0.23322476	37.000000
0.16585675	37.000000
0.2046249	37.000000
0.06496464	37.000000
0.06487792	37.000000
0.15470414	37.000000
0.18770543	37.000000
0.13720816	37.000000
0.21218146	37.000000
0.33442572	37.000000
0.10403416	37.000000
0.2436322	37.000000
0.20076787	37.000000
0.0	37.000000
0.1334691	37.000000
0.0552357	37.000000
0.098773524	37.000000
0.13984874	37.000000
0.24027851	37.000000
0.12454013	37.000000
0.3063072	37.000000
0.25944942	37.000000
0.209108	37.000000
0.14535747	37.000000
0.0	37.000000
0.09721237	37.000000
0.0	37.000000
0.0	37.000000
0.19845761	37.000000
0.2642362	37.000000
0.22098507	37.000000
0.12551391	37.000000
0.24726787	37.000000
0.21806689	37.000000
0.11750208	37.000000
0.15714894	37.000000
0.21728395	37.000000
0.16152637	37.000000
0.0	37.000000
0.08953548	37.000000
0.22444235	37.000000
0.2400338	37.000000
0.1445494	37.000000
0.11823283	37.000000
0.12097586	37.000000
0.165305	37.000000
0.257355	37.000000
0.30005103	37.000000
0.0	37.000000
0.26421598	37.000000
0.15393078	37.000000
0.16733965	37.000000
0.066636354	37.000000
0.099647656	37.000000
0.11094639	37.000000
0.0	37.000000
0.1330853	37.000000
0.20403557	37.000000
0.20046553	37.000000
0.2990544	37.000000
0.13537122	37.000000
0.0	37.000000
0.21233442	37.000000
0.0	37.000000
0.19236329	37.000000
0.0	37.000000
0.0	37.000000
0.090700544	37.000000
0.21626629	37.000000
0.18741654	37.000000
0.024040872	37.000000
0.0	37.000000
0.0	37.000000
0.0	37.000000
0.14014105	37.000000
0.21200188	37.000000
0.26982686	37.000000
0.27160442	37.000000
0.27097318	37.000000
0.0	37.000000
0.0	37.000000
0.122901	37.000000
0.12351689	37.000000
0.19098292	37.000000
0.16890137	37.000000
0.23044525	37.000000
0.14279157	37.000000
0.064621605	37.000000
0.20119521	37.000000
0.2246303	37.000000
0.26066637	37.000000
0.22484548	37.000000
0.2557625	37.000000
0.0	37.000000
0.14990509	37.000000
0.15109791	37.000000
0.1645343	37.000000
0.29231972	37.000000
0.15393603	37.000000
0.10257753	37.000000
0.0	37.000000
0.0	37.000000
0.13156196	37.000000
0.1776469	37.000000
0.0	37.000000
0.20672445	37.000000
0.23123616	37.000000
0.14751783	37.000000
0.0	37.000000
0.1349988	37.000000
0.21973622	37.000000
0.19136316	37.000000
0.111938275	37.000000
0.13329086	37.000000
0.10989856	37.000000
0.16582112	37.000000
0.187914	37.000000
0.2200185	37.000000
0.19155115	37.000000
0.21293828	37.000000
0.27552152	37.000000
0.2624979	36.000000
0.0	36.000000
0.12574592	36.000000
0.0	36.000000
0.17301016	36.000000
0.0	36.000000
0.002492767	36.000000
0.19008514	36.000000
0.19640633	36.000000
0.22829169	36.000000
0.0	36.000000
0.19685146	36.000000
0.20091735	36.000000
0.1225777	36.000000
0.17649774	36.000000
0.15719458	36.000000
0.0	36.000000
0.08841715	36.000000
0.23944502	36.000000
0.000134828	36.000000
0.22719625	36.000000
0.30946678	36.000000
0.1770741	36.000000
0.14652838	36.000000
0.23804456	36.000000
0.0	36.000000
0.19714896	36.000000
0.0967361	36.000000
0.079986714	36.000000
0.08507963	36.000000
0.15278202	36.000000
0.21345231	36.000000
0.17708914	36.000000
0.14043294	36.000000
0.1527599	36.000000
0.0	36.000000
0.0	36.000000
0.17716502	36.000000
0.0	36.000000
0.19311994	36.000000
0.0	36.000000
0.096649416	36.000000
0.23063475	36.000000
0.19749731	36.000000
0.16032717	36.000000
0.13471015	36.000000
0.17485094	36.000000
0.0	36.000000
0.09511055	36.000000
0.08906216	36.000000
0.18607786	36.000000
0.17483522	36.000000
0.19125232	36.000000
0.0	36.000000
0.20155166	36.000000
0.16186455	36.000000
0.31822318	36.000000
0.18473537	36.000000
0.11230161	36.000000
0.09583152	36.000000
0.103132255	36.000000
0.27211654	36.000000
0.20499642	36.000000
0.1467295	36.000000
0.0	36.000000
0.0	36.000000
0.031755853	36.000000
0.14072946	36.000000
0.19913907	36.000000
0.18098082	36.000000
0.18325832	36.000000
0.19285145	36.000000
0.22728777	36.000000
0.13896008	36.000000
0.13160829	35.000000
0.13922301	35.000000
0.16443722	35.000000
0.16703518	35.000000
0.0	35.000000
0.33983943	35.000000
0.17580572	35.000000
0.21109523	35.000000
0.17473313	35.000000
0.085741796	35.000000
0.334359	35.000000
0.21339576	35.000000
0.13125306	35.000000
0.093250275	35.000000
0.11006324	35.000000
0.0	35.000000
0.35858342	35.000000
0.124246806	35.000000
0.081157655	35.000000
0.15196663	35.000000
0.0	35.000000
0.0	35.000000
0.15444724	35.000000
0.0	35.000000
0.12155031	35.000000
0.21859138	35.000000
0.16243702	35.000000
0.17615306	35.000000
0.0	35.000000
0.18096572	35.000000
0.19028415	35.000000
0.10780559	35.000000
0.17657755	35.000000
0.21565944	35.000000
0.12487727	35.000000
0.1842768	35.000000
0.08125028	35.000000
0.2128701	35.000000
0.23264655	35.000000
0.20471746	35.000000
0.16656981	35.000000
0.0	35.000000
0.0	35.000000
0.0	35.000000
0.10104683	35.000000
0.12782307	35.000000
0.13977106	35.000000
0.16254231	35.000000
0.13551329	35.000000
0.23536953	35.000000
0.12950154	35.000000
0.12579688	35.000000
0.039499756	35.000000
0.174718	35.000000
0.14863709	35.000000
0.017809507	35.000000
0.14143373	35.000000
0.1715835	35.000000
0.13163312	35.000000
0.17463401	35.000000
0.19420195	35.000000
0.0	35.000000
0.0	35.000000
0.22132501	35.000000
0.15724568	35.000000
0.16227573	35.000000
0.16444671	35.000000
0.121891566	35.000000
0.0	34.000000
0.0	34.000000
0.26216763	34.000000
0.11529161	34.000000
0.10018566	34.000000
0.25660673	34.000000
0.29968864	34.000000
0.19005288	34.000000
0.23635219	34.000000
0.22125596	34.000000
0.20631984	34.000000
0.12990384	34.000000
0.25437602	34.000000
0.26811838	34.000000
0.15457074	34.000000
0.0	34.000000
0.1288694	34.000000
0.057443496	34.000000
0.0	34.000000
0.14412723	34.000000
0.0	34.000000
0.12029226	34.000000
0.17858402	34.000000
0.23645574	34.000000
0.19065161	34.000000
0.15366223	34.000000
0.1709212	34.000000
0.18548098	34.000000
0.12943128	34.000000
0.11013004	34.000000
0.23274752	34.000000
0.14958678	34.000000
0.1671844	34.000000
0.16371906	34.000000
0.19426766	34.000000
0.18602093	34.000000
0.15595125	34.000000
0.20828958	34.000000
0.120405816	34.000000
0.20577314	34.000000
0.2205737	34.000000
0.14412601	34.000000
0.0	34.000000
0.063456245	34.000000
0.15426603	34.000000
0.19503513	34.000000
0.0	34.000000
0.1363508	34.000000
0.12232792	34.000000
0.17437486	34.000000
0.120511465	34.000000
0.12503015	34.000000
0.13555609	34.000000
0.18941455	34.000000
0.2325032	34.000000
0.22001618	34.000000
0.1842953	34.000000
0.24344897	34.000000
0.05576288	34.000000
0.22413841	34.000000
0.16128196	34.000000
0.3286194	34.000000
0.28470048	34.000000
0.16373414	34.000000
0.17495866	34.000000
0.05516278	34.000000
0.05633058	34.000000
0.032426707	34.000000
0.18637915	34.000000
0.13788131	34.000000
0.09827272	34.000000
0.16196632	34.000000
0.21231805	34.000000
0.22505058	34.000000
0.1726649	34.000000
0.0	34.000000
0.29151547	34.000000
0.22074336	34.000000
0.0	33.000000
0.25847614	33.000000
-0.0067846966	33.000000
0.203957	33.000000
0.0	33.000000
0.14386481	33.000000
0.17539155	33.000000
0.071483456	33.000000
0.0	33.000000
0.16607685	33.000000
0.0	33.000000
0.17824143	33.000000
0.15634808	33.000000
0.17481737	33.000000
0.24762978	33.000000
0.089427575	33.000000
0.10932664	33.000000
0.1432678	33.000000
0.31352422	33.000000
0.13248679	33.000000
0.18710655	33.000000
0.0	33.000000
0.14836735	33.000000
0.23140539	33.000000
0.21496302	33.000000
0.21545334	33.000000
0.11203438	33.000000
0.0	33.000000
0.3379545	33.000000
0.0	33.000000
0.11588182	33.000000
0.094975896	33.000000
0.13690472	33.000000
0.21344766	33.000000
0.0	33.000000
0.13529696	33.000000
0.15529826	33.000000
0.184859	33.000000
0.05655666	33.000000
0.15476635	33.000000
0.16892171	33.000000
0.21236843	33.000000
0.22572578	33.000000
0.16702358	33.000000
0.09156554	33.000000
0.0895461	33.000000
0.18850951	33.000000
0.21964496	33.000000
0.24380252	33.000000
0.08070874	33.000000
0.2414538	33.000000
0.0	33.000000
0.2328493	33.000000
0.12519614	33.000000
0.118206784	33.000000
0.18747686	33.000000
0.13771915	33.000000
0.0	33.000000
0.11241372	33.000000
0.1884329	33.000000
0.1641019	33.000000
0.14551605	33.000000
0.12899569	33.000000
0.07370253	33.000000
0.0816463	33.000000
0.11579278	33.000000
0.17908263	33.000000
0.1643978	33.000000
0.13943693	33.000000
0.25379726	32.000000
0.13781264	32.000000
0.10765511	32.000000
0.13730273	32.000000
0.13106777	32.000000
0.106930554	32.000000
0.0	32.000000
0.23262696	32.000000
0.14700569	32.000000
0.07929237	32.000000
0.18888386	32.000000
0.076940164	32.000000
0.032825988	32.000000
0.19380781	32.000000
0.111292705	32.000000
0.0	32.000000
0.036706965	32.000000
0.1282405	32.000000
0.0	32.000000
0.06255426	32.000000
0.22539528	32.000000
0.13499607	32.000000
0.0	32.000000
0.20981303	32.000000
0.064666614	32.000000
0.16530134	32.000000
0.12568563	32.000000
0.18477495	32.000000
0.0	32.000000
0.2751526	32.000000
0.15243548	32.000000
0.23957235	32.000000
0.14171728	32.000000
0.25871176	32.000000
0.18183754	32.000000
0.0	32.000000
0.0	32.000000
0.0	32.000000
0.09041936	32.000000
0.044637293	32.000000
0.2493233	32.000000
0.029278368	32.000000
0.20625265	32.000000
0.18488161	32.000000
0.11037513	32.000000
0.17044647	32.000000
0.0	32.000000
0.0	32.000000
0.15665631	32.000000
0.16098607	32.000000
0.111479186	32.000000
0.1435838	32.000000
0.14550531	32.000000
0.22302748	32.000000
0.2720308	32.000000
0.133614	32.000000
0.0	32.000000
0.25063804	32.000000
0.07992053	32.000000
0.0	32.000000
0.2123162	32.000000
0.12488803	32.000000
0.09804636	32.000000
0.23904455	32.000000
0.19723174	32.000000
0.12768984	32.000000
0.1330182	32.000000
0.12642653	32.000000
0.10389045	32.000000
0.1301676	32.000000
0.0	32.000000
0.032613516	31.000000
0.117356375	31.000000
0.0848159	31.000000
0.20452662	31.000000
0.19061539	31.000000
0.0	31.000000
0.09119034	31.000000
0.09783013	31.000000
0.052867204	31.000000
0.12858771	31.000000
0.0	31.000000
0.1794921	31.000000
0.20182289	31.000000
0.14429305	31.000000
0.15104403	31.000000
0.21335687	31.000000
0.17782253	31.000000
0.07169564	31.000000
0.16326278	31.000000
0.14900772	31.000000
0.02353382	31.000000
0.16741903	31.000000
0.0	31.000000
0.22630951	31.000000
0.15427862	31.000000
0.1663424	31.000000
0.19844966	31.000000
0.0	31.000000
0.25043377	31.000000
0.1193456	31.000000
0.084428884	31.000000
0.0	31.000000
0.13826135	31.000000
0.114989616	31.000000
0.13448551	31.000000
0.049826033	31.000000
0.23181179	31.000000
0.0	31.000000
0.0	31.000000
0.29156238	31.000000
0.15344463	31.000000
0.116554566	31.000000
0.16818686	31.000000
0.02222654	31.000000
0.17300773	31.000000
0.0	31.000000
0.049723353	31.000000
0.20011327	31.000000
0.25192314	31.000000
0.0	31.000000
0.0	31.000000
0.10455436	31.000000
0.23075579	31.000000
0.08178838	31.000000
0.0	31.000000
0.19736671	31.000000
0.09123434	31.000000
0.08579898	31.000000
0.083835125	31.000000
0.14764328	31.000000
0.1768727	31.000000
0.13197413	31.000000
0.15750074	31.000000
0.2175005	31.000000
0.16083117	31.000000
0.10505602	31.000000
0.183501	31.000000
0.14824133	31.000000
0.0	31.000000
0.1644355	31.000000
0.19112489	31.000000
0.13866773	31.000000
0.27677828	31.000000
0.23853359	31.000000
0.19188395	31.000000
0.044862878	31.000000
0.17431156	31.000000
0.0	31.000000
0.078669325	31.000000
0.14649266	31.000000
0.21576813	31.000000
0.0	31.000000
0.14810067	31.000000
0.22400993	30.000000
0.2495214	30.000000
0.16891181	30.000000
0.11889525	30.000000
0.15192382	30.000000
0.0	30.000000
0.1908464	30.000000
0.15026727	30.000000
0.15230888	30.000000
0.09949461	30.000000
0.09084109	30.000000
0.28363118	30.000000
0.23328702	30.000000
0.18015875	30.000000
0.0	30.000000
0.097388275	30.000000
0.28768137	30.000000
0.16432635	30.000000
0.10289116	30.000000
0.114993155	30.000000
0.18211514	30.000000
0.18286167	30.000000
0.0	30.000000
0.14765842	30.000000
0.14980902	30.000000
0.18106532	30.000000
0.27740017	30.000000
0.0	30.000000
0.0	30.000000
0.09373619	30.000000
0.0	30.000000
0.29746923	30.000000
0.0	30.000000
0.11054714	30.000000
0.170208	30.000000
0.07766735	30.000000
0.0	30.000000
0.21014777	30.000000
0.17810537	30.000000
0.031712983	30.000000
0.14464808	30.000000
0.19064966	30.000000
0.14218466	30.000000
0.0	30.000000
0.15903695	30.000000
-0.011508226	30.000000
0.055969466	30.000000
0.0	30.000000
0.07239012	30.000000
0.08364129	30.000000
0.216525	30.000000
0.16633433	30.000000
0.10592651	30.000000
0.0	30.000000
0.06413807	30.000000
0.15882826	30.000000
0.10447723	30.000000
0.18630616	30.000000
0.15481368	30.000000
0.17788982	30.000000
0.053077646	30.000000
0.23386136	30.000000
0.11736858	30.000000
0.1419809	30.000000
0.029145192	30.000000
0.24859563	30.000000
0.055563845	30.000000
0.2714139	30.000000
0.20547172	30.000000
0.118020795	30.000000
0.1462481	30.000000
0.2277057	30.000000
0.2738703	29.000000
0.019869804	29.000000
0.14841966	29.000000
0.0	29.000000
0.14490774	29.000000
0.035509482	29.000000
0.2283082	29.000000
0.17698118	29.000000
0.0	29.000000
0.10033938	29.000000
0.3115107	29.000000
0.08730433	29.000000
0.22099411	29.000000
0.121229775	29.000000
0.1419795	29.000000
0.19361587	29.000000
0.15373631	29.000000
0.26454213	29.000000
0.2380357	29.000000
0.0	29.000000
0.118338585	29.000000
0.0622258	29.000000
0.2132003	29.000000
0.06354162	29.000000
0.20764925	29.000000
0.070580445	29.000000
0.0	29.000000
0.08041143	29.000000
0.20027067	29.000000
0.12942448	29.000000
0.06271645	29.000000
0.11174481	29.000000
0.22778374	29.000000
0.1571073	29.000000
0.08923322	29.000000
0.25318617	29.000000
0.18169872	29.000000
0.2240918	29.000000
0.04220328	29.000000
0.0	29.000000
0.24109648	29.000000
-0.030718032	29.000000
0.083103746	29.000000
0.17454733	29.000000
0.07517368	29.000000
0.129679	29.000000
0.046827953	29.000000
0.13269529	29.000000
0.24872665	29.000000
0.12258975	29.000000
0.1824368	29.000000
0.18626297	29.000000
0.16387808	29.000000
0.18573989	29.000000
0.09221266	29.000000
0.11766461	29.000000
0.12784274	29.000000
0.16617566	29.000000
0.0	29.000000
0.12319111	29.000000
0.14561628	29.000000
0.22586218	29.000000
0.054999236	28.000000
0.0	28.000000
0.18497987	28.000000
0.0	28.000000
0.14598383	28.000000
0.11313719	28.000000
0.14406012	28.000000
0.17148474	28.000000
0.0	28.000000
0.16528852	28.000000
0.28716174	28.000000
0.17447926	28.000000
0.16402686	28.000000
0.0995357	28.000000
0.121666275	28.000000
0.18557233	28.000000
0.0	28.000000
0.0	28.000000
0.062314063	28.000000
0.10600273	28.000000
0.0	28.000000
0.0	28.000000
0.0	28.000000
0.169169	28.000000
0.0	28.000000
0.09207514	28.000000
0.17165717	28.000000
0.13938375	28.000000
0.1895904	28.000000
0.07977623	28.000000
0.16749015	28.000000
0.11410535	28.000000
0.27644303	28.000000
0.2529339	28.000000
0.04893353	28.000000
0.20240556	28.000000
0.11403816	28.000000
0.18130518	28.000000
0.0	28.000000
0.0	28.000000
0.08057438	28.000000
0.16607584	28.000000
0.06917584	28.000000
0.15377739	28.000000
0.090386644	28.000000
0.19072449	28.000000
0.2785402	28.000000
0.1433931	28.000000
0.20740953	28.000000
0.22561368	28.000000
0.0	28.000000
0.11306419	28.000000
0.002728769	28.000000
0.12958832	28.000000
0.15085462	28.000000
0.0871051	28.000000
0.17705166	28.000000
0.13885441	28.000000
0.17304446	28.000000
0.10077483	28.000000
0.09639048	28.000000
0.1506929	28.000000
0.16439342	28.000000
0.0	28.000000
0.14919928	27.000000
0.0	27.000000
0.16382407	27.000000
0.12775035	27.000000
0.19574127	27.000000
0.048768166	27.000000
0.038852125	27.000000
0.11843585	27.000000
0.0	27.000000
0.0	27.000000
0.23677842	27.000000
0.056292213	27.000000
0.19607523	27.000000
0.0	27.000000
0.09206136	27.000000
0.18248855	27.000000
0.24558419	27.000000
0.20648412	27.000000
0.13475758	27.000000
0.2980926	27.000000
0.09531345	27.000000
0.046354763	27.000000
0.19368552	27.000000
0.14873415	27.000000
0.14119463	27.000000
0.0	27.000000
0.20526862	27.000000
0.0856642	27.000000
0.0	27.000000
0.16095391	27.000000
0.09687106	27.000000
0.13439529	27.000000
0.10647585	27.000000
0.087453544	27.000000
0.0	27.000000
0.027915617	27.000000
0.25554356	27.000000
0.14065148	27.000000
0.094280615	27.000000
0.19860888	27.000000
0.02511054	27.000000
0.18223831	27.000000
0.11587854	27.000000
0.2344204	27.000000
0.14110248	27.000000
0.0	27.000000
0.01903043	27.000000
0.0	27.000000
0.11579472	27.000000
0.18551965	27.000000
0.24831101	27.000000
0.24154453	27.000000
0.21003644	27.000000
0.16067995	27.000000
0.12838493	27.000000
0.077312216	27.000000
0.14501601	27.000000
0.17299457	27.000000
0.2215456	27.000000
0.13790525	27.000000
0.017135868	27.000000
0.22002232	27.000000
0.20017026	27.000000
0.1701476	27.000000
0.075584404	27.000000
0.12360832	27.000000
0.034467313	27.000000
0.11477722	27.000000
0.09208937	27.000000
0.060898602	27.000000
0.05374997	27.000000
0.045885045	27.000000
0.08761701	27.000000
0.060515784	27.000000
0.13472377	27.000000
0.11368756	27.000000
0.11019647	26.000000
0.0	26.000000
0.0707708	26.000000
0.05676021	26.000000
0.10911257	26.000000
0.11460093	26.000000
0.0	26.000000
0.09566438	26.000000
0.0964197	26.000000
0.14408784	26.000000
0.004266667	26.000000
0.13602242	26.000000
0.14946455	26.000000
0.17058885	26.000000
0.0	26.000000
0.11532588	26.000000
0.27968255	26.000000
0.14075829	26.000000
0.18583761	26.000000
0.089376435	26.000000
0.13628186	26.000000
0.09654728	26.000000
0.0	26.000000
0.25810122	26.000000
0.09740233	26.000000
0.10592234	26.000000
0.04337724	26.000000
0.16487408	26.000000
0.04986066	26.000000
0.15903495	26.000000
0.0	26.000000
0.19002175	26.000000
0.16016169	26.000000
0.14923787	26.000000
0.16253434	26.000000
0.0	26.000000
0.12021729	26.000000
0.0	26.000000
0.16508757	26.000000
0.19726995	26.000000
0.0	26.000000
0.18855552	26.000000
0.04342054	26.000000
0.13846211	26.000000
0.17294186	26.000000
0.063108526	26.000000
0.20682216	26.000000
0.13872308	26.000000
0.1682437	26.000000
0.043503564	26.000000
0.0	26.000000
0.05296603	26.000000
0.19991158	26.000000
0.15380548	26.000000
0.11621528	26.000000
0.07449643	26.000000
0.16581143	26.000000
0.06506054	26.000000
0.0903067	26.000000
0.07950354	25.000000
0.088272735	25.000000
0.07386756	25.000000
0.0	25.000000
0.09773747	25.000000
0.0	25.000000
0.0	25.000000
0.0668079	25.000000
0.064399764	25.000000
0.12871231	25.000000
0.2025432	25.000000
0.13824597	25.000000
0.060704198	25.000000
0.2822851	25.000000
0.0	25.000000
0.0	25.000000
0.1921375	25.000000
0.0	25.000000
0.1524006	25.000000
0.0	25.000000
0.0732127	25.000000
0.16077545	25.000000
0.08312824	25.000000
0.0	25.000000
0.08264688	25.000000
0.105176	25.000000
0.0	25.000000
0.070427924	25.000000
0.016708855	25.000000
0.1887337	25.000000
0.06767493	25.000000
0.0	25.000000
0.0	25.000000
0.07955081	25.000000
0.36270964	25.000000
0.20088056	25.000000
-0.014373293	25.000000
0.10570494	25.000000
0.104166634	25.000000
0.122333094	25.000000
0.12782955	25.000000
0.20232743	25.000000
0.084882736	25.000000
0.16240443	25.000000
0.09343305	25.000000
0.09117214	25.000000
0.17597136	25.000000
0.2731549	25.000000
0.17426854	25.000000
0.13868305	25.000000
0.13314918	25.000000
0.13458115	25.000000
0.0	25.000000
0.072984986	25.000000
0.13763289	25.000000
0.02783651	25.000000
0.05658308	24.000000
0.066761754	24.000000
0.14143197	24.000000
0.079926975	24.000000
0.07439585	24.000000
0.17842333	24.000000
0.12631784	24.000000
0.26795098	24.000000
0.09305725	24.000000
0.0	24.000000
0.0	24.000000
0.026034335	24.000000
0.068792686	24.000000
0.14596818	24.000000
0.16138718	24.000000
0.165077	24.000000
0.11906088	24.000000
0.11929722	24.000000
0.09948515	24.000000
0.084634304	24.000000
0.20043288	24.000000
0.0	24.000000
0.06718144	24.000000
0.15341513	24.000000
0.12447415	24.000000
0.048065923	24.000000
0.13035221	24.000000
0.20068765	24.000000
0.23745422	24.000000
0.116369076	24.000000
0.098523155	24.000000
0.0	24.000000
0.19135937	24.000000
0.15385556	24.000000
0.06588387	24.000000
0.1348631	24.000000
0.1701293	24.000000
0.12164602	24.000000
0.07251067	24.000000
0.17734216	24.000000
0.18640591	24.000000
0.0	24.000000
0.04437554	24.000000
0.078767374	24.000000
0.0941269	24.000000
0.14229397	24.000000
0.06800068	24.000000
0.061175827	24.000000
-0.019828808	24.000000
0.23581445	24.000000
0.06942763	24.000000
0.2363632	24.000000
0.15414163	24.000000
0.09930135	24.000000
0.12293059	24.000000
0.16014314	24.000000
0.06561999	24.000000
0.17086133	24.000000
0.07889469	24.000000
0.03154834	24.000000
0.057702888	24.000000
0.11647763	24.000000
0.06030134	24.000000
0.07645476	24.000000
0.11786268	24.000000
0.12655644	24.000000
0.09357693	24.000000
0.0	24.000000
0.0792103	24.000000
0.029776016	24.000000
0.062480576	24.000000
0.2678826	24.000000
0.13610065	24.000000
0.063329734	24.000000
0.18245547	24.000000
0.19187178	24.000000
0.08403713	24.000000
0.1379616	24.000000
0.20171784	24.000000
0.0	23.000000
0.008803968	23.000000
0.03504176	23.000000
0.21604124	23.000000
0.15825629	23.000000
0.21071638	23.000000
0.037749566	23.000000
0.016831756	23.000000
0.10793868	23.000000
0.0	23.000000
-0.034924116	23.000000
0.07672527	23.000000
0.07558591	23.000000
0.13322558	23.000000
0.05981849	23.000000
0.16275124	23.000000
0.12608972	23.000000
0.14631268	23.000000
-0.02422284	23.000000
0.04375188	23.000000
0.11741831	23.000000
0.057630092	23.000000
0.03462731	23.000000
0.17005368	23.000000
0.06351611	23.000000
0.0	23.000000
0.100029014	23.000000
0.27710998	23.000000
0.1776435	23.000000
0.1490593	23.000000
0.071889676	23.000000
0.1292686	23.000000
0.10112314	23.000000
0.12482625	23.000000
-0.031455606	23.000000
0.13992193	23.000000
0.119146205	23.000000
0.0	23.000000
0.0	23.000000
0.0	23.000000
0.13609591	23.000000
0.10428994	23.000000
0.0	23.000000
0.061706655	23.000000
0.08618506	23.000000
0.0	23.000000
0.12736905	23.000000
0.14771937	23.000000
0.10998866	23.000000
0.12114672	23.000000
0.07061049	23.000000
0.07192212	23.000000
0.09615873	23.000000
0.106570356	23.000000
0.077187665	23.000000
5.644816e-05	23.000000
0.11119796	23.000000
0.15428698	23.000000
-0.0059209485	23.000000
0.0	23.000000
0.05188689	23.000000
0.19045338	23.000000
0.11198054	23.000000
0.061432127	23.000000
0.10907791	23.000000
0.15830833	23.000000
0.27658772	23.000000
0.10948344	23.000000
0.11358516	23.000000
0.1360314	23.000000
0.12199776	23.000000
0.10666195	23.000000
-0.06482874	23.000000
0.28720018	23.000000
0.1551446	22.000000
0.22013973	22.000000
0.0	22.000000
0.17694701	22.000000
0.073501125	22.000000
0.059867173	22.000000
0.078072354	22.000000
0.115126036	22.000000
0.09297576	22.000000
0.1699615	22.000000
0.08294673	22.000000
0.15042081	22.000000
0.006098675	22.000000
0.09966733	22.000000
0.11161565	22.000000
0.1241814	22.000000
0.04386702	22.000000
0.0	22.000000
0.010858249	22.000000
0.0896746	22.000000
0.11684446	22.000000
0.12909247	22.000000
0.0	22.000000
0.093599	22.000000
0.06855553	22.000000
0.12621936	22.000000
0.08681016	22.000000
0.14050369	22.000000
0.0	22.000000
0.08722488	22.000000
0.06079949	22.000000
0.0	22.000000
0.14980769	22.000000
0.18113852	22.000000
0.0731785	22.000000
0.0	22.000000
0.15317069	22.000000
0.17191234	22.000000
0.27837119	22.000000
0.124992795	22.000000
0.13829651	22.000000
0.10541313	22.000000
0.04513802	22.000000
0.20489642	22.000000
0.05351798	22.000000
0.0	22.000000
0.13273185	22.000000
0.10496624	22.000000
0.11264254	22.000000
0.17482443	22.000000
0.17330548	22.000000
0.13350393	22.000000
0.07408953	22.000000
0.0	22.000000
0.037553612	22.000000
0.0	22.000000
0.011837783	22.000000
0.20356765	22.000000
0.0	22.000000
0.13439348	21.000000
0.0	21.000000
0.058828972	21.000000
0.040380195	21.000000
0.13703702	21.000000
0.1160649	21.000000
0.08020766	21.000000
0.0	21.000000
0.031241987	21.000000
0.0	21.000000
0.15747224	21.000000
0.17816643	21.000000
0.0	21.000000
0.06196233	21.000000
0.22887005	21.000000
0.07234258	21.000000
0.1280254	21.000000
0.08644857	21.000000
0.070180535	21.000000
-0.05040242	21.000000
0.0	21.000000
0.21685953	21.000000
0.015797328	21.000000
0.038578868	21.000000
0.16302009	21.000000
0.11515992	21.000000
0.02115947	21.000000
0.10213287	21.000000
0.11394449	21.000000
0.06970113	21.000000
0.044945084	21.000000
0.04908815	21.000000
0.020826899	21.000000
0.16769704	21.000000
0.113977976	21.000000
0.053189795	21.000000
0.059332017	21.000000
0.041970957	21.000000
0.10754977	21.000000
0.13042529	21.000000
0.056168295	21.000000
0.009676919	21.000000
0.076276116	21.000000
0.023681441	21.000000
0.07923969	21.000000
0.116377816	21.000000
0.13294257	21.000000
0.15317996	21.000000
0.042849436	21.000000
0.0	21.000000
0.14196943	21.000000
0.15096971	21.000000
0.047092404	21.000000
0.05875524	21.000000
0.17746209	21.000000
0.0	21.000000
0.086855866	21.000000
0.116882116	21.000000
0.0	21.000000
0.033325315	21.000000
0.10959209	21.000000
0.1068749	21.000000
0.07868043	21.000000
0.042156987	21.000000
0.0	21.000000
0.15343325	21.000000
0.1613698	21.000000
0.0889974	21.000000
0.10714497	21.000000
0.13285904	21.000000
0.097155094	21.000000
0.046063434	20.000000
0.09676773	20.000000
0.0	20.000000
0.0	20.000000
0.07407518	20.000000
0.108855225	20.000000
0.18186848	20.000000
-0.0013145158	20.000000
0.16445321	20.000000
0.0	20.000000
0.03232759	20.000000
0.11222212	20.000000
0.21090366	20.000000
0.10548706	20.000000
0.096190035	20.000000
0.08233391	20.000000
0.14947551	20.000000
0.0	20.000000
0.059245076	20.000000
0.05004722	20.000000
0.05822898	20.000000
0.15387765	20.000000
0.11653233	20.000000
0.094933264	20.000000
0.16343367	20.000000
0.0	20.000000
0.0	20.000000
0.054307703	20.000000
0.0	20.000000
0.09965823	20.000000
0.06455887	20.000000
0.11003481	20.000000
0.07890392	20.000000
0.0	20.000000
0.12960823	20.000000
0.08912976	20.000000
0.04145769	20.000000
0.05342011	20.000000
0.07924777	20.000000
0.1170243	20.000000
0.19204006	20.000000
0.0	20.000000
0.061477583	20.000000
0.17078789	20.000000
0.12311856	20.000000
0.046167225	20.000000
0.09310117	20.000000
0.14422701	20.000000
0.091484815	20.000000
0.0	20.000000
0.034907233	20.000000
0.07179564	20.000000
0.058130864	20.000000
0.11309705	20.000000
0.0	20.000000
0.08677546	20.000000
0.13934262	20.000000
0.21010876	20.000000
0.14203984	20.000000
0.10038542	20.000000
0.08005794	20.000000
0.0	20.000000
0.0	20.000000
0.15756246	20.000000
0.19407581	20.000000
0.0	20.000000
0.13232823	20.000000
0.09386305	20.000000
0.15265171	20.000000
0.2404415	19.000000
0.12366445	19.000000
0.21518366	19.000000
0.091601536	19.000000
0.0	19.000000
0.17837818	19.000000
0.20661373	19.000000
0.112575494	19.000000
0.044698525	19.000000
0.15999281	19.000000
0.020275129	19.000000
0.009316139	19.000000
0.027555507	19.000000
0.002369456	19.000000
0.051591832	19.000000
0.089849226	19.000000
0.043760795	19.000000
0.15901522	19.000000
0.053242255	19.000000
0.09800651	19.000000
0.09949076	19.000000
0.09363875	19.000000
0.095900945	19.000000
0.011673261	19.000000
0.12680182	19.000000
0.00013562721	19.000000
0.0	19.000000
0.0931154	19.000000
0.0	19.000000
0.042663332	19.000000
0.22340219	19.000000
0.13595931	19.000000
0.10103062	19.000000
0.1419256	19.000000
0.1505271	19.000000
0.22129118	19.000000
0.13410033	19.000000
0.019715209	19.000000
0.0	19.000000
0.06745876	19.000000
7.5611664e-05	19.000000
0.13974506	19.000000
0.17407548	19.000000
0.035579804	19.000000
0.16963705	19.000000
0.0	19.000000
0.09939139	19.000000
0.05777459	19.000000
0.11563554	18.000000
0.0	18.000000
0.0	18.000000
0.057503283	18.000000
0.0	18.000000
0.10059501	18.000000
0.15257469	18.000000
0.015080886	18.000000
0.13090356	18.000000
0.072954655	18.000000
0.012439527	18.000000
0.027720341	18.000000
0.08854437	18.000000
0.13603237	18.000000
0.13191435	18.000000
0.059916757	18.000000
0.044719413	18.000000
0.044813134	18.000000
0.11657197	18.000000
0.06690585	18.000000
0.08445711	18.000000
0.13989522	18.000000
0.12215022	18.000000
0.09981554	18.000000
0.15594074	18.000000
0.05690601	18.000000
0.0	18.000000
0.14598109	18.000000
0.15280473	18.000000
0.0	18.000000
0.11714445	18.000000
0.062402062	18.000000
0.0	18.000000
0.14415184	18.000000
0.063678555	18.000000
0.12628071	18.000000
0.11423237	18.000000
-0.038733054	18.000000
0.05991026	18.000000
0.19744267	18.000000
0.0	18.000000
0.062209174	18.000000
0.0006889375	18.000000
0.05077896	18.000000
0.13595869	18.000000
0.082906924	18.000000
0.11942046	18.000000
0.0	18.000000
0.07138264	18.000000
0.0	18.000000
0.056495894	18.000000
0.12490924	18.000000
0.18963619	18.000000
0.05437843	18.000000
0.0	18.000000
0.07148862	18.000000
0.03618406	18.000000
0.09038262	18.000000
0.023635946	18.000000
0.07137783	18.000000
0.09616083	18.000000
0.0672773	18.000000
0.050238494	18.000000
0.111777976	18.000000
0.096524805	18.000000
0.2515999	18.000000
0.18611403	18.000000
0.094032645	18.000000
0.06339191	17.000000
0.04822888	17.000000
0.12805778	17.000000
0.19408801	17.000000
-0.034596305	17.000000
-0.011903966	17.000000
0.1400646	17.000000
0.10558028	17.000000
0.008495954	17.000000
0.03141166	17.000000
0.054470677	17.000000
0.06332182	17.000000
0.00892445	17.000000
0.13464342	17.000000
0.0	17.000000
0.07667839	17.000000
0.0	17.000000
0.15408342	17.000000
0.019492043	17.000000
0.07415388	17.000000
0.005506011	17.000000
0.098834224	17.000000
0.11049803	17.000000
-0.013005151	17.000000
0.14119498	17.000000
0.094689116	17.000000
0.069107056	17.000000
0.008945456	17.000000
0.051413663	17.000000
0.0871768	17.000000
0.009903942	17.000000
0.03400087	17.000000
0.08488635	17.000000
0.0	17.000000
0.040813375	17.000000
0.22789249	17.000000
0.06803093	17.000000
0.06944668	17.000000
0.048481487	17.000000
0.042278703	17.000000
0.16562827	17.000000
-0.0036316514	17.000000
0.10956411	17.000000
0.069670916	17.000000
0.10304893	17.000000
0.10097355	17.000000
0.14809756	17.000000
0.13678524	17.000000
0.019964665	17.000000
0.0589296	17.000000
0.0	17.000000
0.0	17.000000
0.0	17.000000
0.09127259	17.000000
0.044669133	17.000000
-0.049474128	17.000000
0.14484257	17.000000
0.0	17.000000
0.0	16.000000
0.114821844	16.000000
0.17986122	16.000000
0.04521766	16.000000
0.1024119	16.000000
0.19483314	16.000000
0.016887635	16.000000
0.0637916	16.000000
0.104732215	16.000000
-0.047620177	16.000000
0.07932807	16.000000
0.0	16.000000
0.055501048	16.000000
0.0331551	16.000000
0.08736549	16.000000
0.009202045	16.000000
0.06641767	16.000000
0.119227886	16.000000
0.091142915	16.000000
-0.030939592	16.000000
0.0	16.000000
0.0917875	16.000000
-0.027179092	16.000000
0.08281396	16.000000
0.067721404	16.000000
0.113941625	16.000000
0.003752797	16.000000
0.12437438	16.000000
0.0	16.000000
0.11135386	16.000000
0.1466134	16.000000
0.1455387	16.000000
0.08634669	16.000000
0.06920502	16.000000
0.029336125	16.000000
0.01163872	16.000000
0.04034927	16.000000
0.07842504	16.000000
0.081632495	16.000000
0.11143046	16.000000
-0.012409961	16.000000
0.10974509	16.000000
0.13324064	16.000000
0.007076597	16.000000
0.12366628	16.000000
0.10732677	16.000000
0.0	16.000000
0.15660518	16.000000
0.0	16.000000
0.018923527	16.000000
-0.02183058	16.000000
0.026357315	16.000000
0.1162668	16.000000
0.10586569	16.000000
0.10559382	16.000000
0.057419118	16.000000
0.093265235	16.000000
0.11294047	16.000000
-0.031826816	16.000000
0.059032053	16.000000
0.15231809	16.000000
0.12891039	16.000000
0.00072887883	16.000000
0.13358854	16.000000
0.06615129	16.000000
0.09235899	16.000000
0.11641644	16.000000
0.21370576	16.000000
0.0	16.000000
0.09273442	16.000000
-0.011943963	16.000000
0.053398855	16.000000
0.10559214	16.000000
0.08444429	16.000000
0.037057824	16.000000
0.09189632	15.000000
0.13694151	15.000000
0.0	15.000000
0.0	15.000000
0.07850729	15.000000
0.105218224	15.000000
0.09348848	15.000000
0.08349516	15.000000
0.0	15.000000
0.05383704	15.000000
0.0	15.000000
0.0	15.000000
0.005297581	15.000000
0.078132614	15.000000
0.0	15.000000
0.13597389	15.000000
0.123052545	15.000000
0.058525145	15.000000
0.09009329	15.000000
0.0	15.000000
0.056200005	15.000000
0.0	15.000000
0.11189651	15.000000
-0.033861995	15.000000
0.09194494	15.000000
0.06736503	15.000000
0.014524333	15.000000
0.120907865	15.000000
0.024901584	15.000000
0.016652975	15.000000
0.04682687	15.000000
0.051045015	15.000000
0.044290837	15.000000
0.12019422	15.000000
0.060320925	15.000000
0.104652345	15.000000
-0.027137004	15.000000
0.116275765	15.000000
0.085841596	15.000000
0.001732279	15.000000
0.051792927	15.000000
0.0	15.000000
0.01788952	15.000000
0.0	15.000000
0.09836733	15.000000
0.10072881	15.000000
-0.034758776	15.000000
0.09570067	15.000000
0.04902201	15.000000
0.0062162844	15.000000
0.052541982	15.000000
0.072895594	15.000000
0.04309942	15.000000
-0.023233255	15.000000
0.018523166	15.000000
0.09390152	15.000000
0.085796274	15.000000
0.03449053	15.000000
0.0	15.000000
0.088268116	15.000000
-0.00801167	15.000000
0.08633002	15.000000
0.0	15.000000
0.03085745	15.000000
-0.010289277	15.000000
0.067151286	15.000000
0.13824572	15.000000
0.07459216	15.000000
0.0	15.000000
0.11654745	14.000000
0.1022812	14.000000
0.060370434	14.000000
0.051966574	14.000000
0.0	14.000000
0.0	14.000000
0.077193156	14.000000
0.10855699	14.000000
0.09477678	14.000000
0.030309344	14.000000
0.0	14.000000
0.0	14.000000
0.21859744	14.000000
0.10848455	14.000000
0.04094109	14.000000
0.0	14.000000
0.0	14.000000
0.17085215	14.000000
0.07014806	14.000000
0.03139251	14.000000
0.008497905	14.000000
0.030297127	14.000000
0.06925786	14.000000
0.11426629	14.000000
0.1232886	14.000000
0.031849943	14.000000
0.0056635677	14.000000
0.07862929	14.000000
0.0	14.000000
0.05038801	14.000000
0.19150065	14.000000
0.14955787	14.000000
0.07625063	14.000000
0.08445735	14.000000
-0.021988478	14.000000
0.0556544	14.000000
0.069788314	14.000000
0.038803387	14.000000
0.07697908	14.000000
0.034786463	14.000000
0.1448519	14.000000
0.034296453	14.000000
0.08356638	14.000000
0.13375182	14.000000
-0.0025054188	14.000000
0.0011892148	14.000000
0.08399625	14.000000
0.0	14.000000
0.07646432	14.000000
-0.042169496	14.000000
-0.00011326676	14.000000
0.049960915	14.000000
0.07838187	14.000000
0.0	14.000000
0.073477	14.000000
0.114847235	14.000000
0.06477022	14.000000
0.16992076	14.000000
0.09671468	14.000000
0.0	14.000000
0.06181718	14.000000
0.05685832	14.000000
-0.0043708836	14.000000
0.11171396	14.000000
0.0	14.000000
0.03193863	14.000000
0.12304462	14.000000
0.058392648	14.000000
0.04641653	14.000000
0.010198485	14.000000
0.101770274	14.000000
0.08841298	14.000000
0.02505022	14.000000
0.01593613	14.000000
0.021103585	14.000000
0.063163415	14.000000
0.085740454	14.000000
0.0	14.000000
0.14300796	14.000000
0.078133464	14.000000
0.07546885	13.000000
0.11281103	13.000000
0.09770524	13.000000
0.097200155	13.000000
0.055594813	13.000000
0.033542465	13.000000
0.13252272	13.000000
0.0	13.000000
-0.008160064	13.000000
0.2567836	13.000000
0.021334304	13.000000
0.099408604	13.000000
0.0811771	13.000000
0.0	13.000000
0.0	13.000000
0.14642954	13.000000
0.05868579	13.000000
0.036974862	13.000000
0.067039646	13.000000
-0.005353263	13.000000
0.036483005	13.000000
0.051045768	13.000000
0.0	13.000000
0.04159513	13.000000
0.07092374	13.000000
0.007014386	13.000000
0.14085785	13.000000
0.074321955	13.000000
0.062159557	13.000000
0.02931516	13.000000
0.05411779	13.000000
-0.0826863	13.000000
0.0298726	13.000000
0.10607734	13.000000
-0.049018104	13.000000
0.019806998	13.000000
0.025363082	13.000000
0.0084765395	13.000000
0.07817653	13.000000
0.05347579	13.000000
0.06800673	13.000000
0.0735493	13.000000
0.0	13.000000
0.112822786	13.000000
0.040042493	13.000000
0.034659304	13.000000
0.06979332	13.000000
0.022341644	13.000000
0.0	13.000000
0.039045345	13.000000
0.008889751	13.000000
0.18623628	13.000000
0.10903452	13.000000
0.0783844	13.000000
0.08255879	13.000000
0.00854812	13.000000
0.07979932	13.000000
0.0717766	13.000000
0.0	13.000000
-0.015779309	13.000000
0.06425801	12.000000
0.055910546	12.000000
-0.018789206	12.000000
0.0	12.000000
0.08829979	12.000000
-0.0096042175	12.000000
0.10225382	12.000000
0.0070024324	12.000000
0.024780808	12.000000
0.023386357	12.000000
0.06957666	12.000000
0.06816395	12.000000
0.0	12.000000
0.07759967	12.000000
0.0	12.000000
0.07368314	12.000000
-0.06574673	12.000000
0.06264531	12.000000
0.020145794	12.000000
0.035422992	12.000000
0.15892997	12.000000
0.054619513	12.000000
0.0	12.000000
0.10937709	12.000000
0.04358148	12.000000
0.09213784	12.000000
0.0	12.000000
0.09011634	12.000000
-0.002463672	12.000000
-0.0019881385	12.000000
0.031676285	12.000000
0.0	12.000000
0.071406074	12.000000
0.009344263	12.000000
0.061521355	12.000000
0.041046996	12.000000
0.008766107	12.000000
0.15033524	12.000000
0.0	12.000000
0.08008139	12.000000
0.0	12.000000
0.0	12.000000
0.122324616	12.000000
0.09175465	12.000000
0.10026608	12.000000
0.078149214	12.000000
0.0	12.000000
0.0	12.000000
0.06837215	12.000000
0.037784833	12.000000
0.10201148	12.000000
0.07891385	12.000000
0.0	12.000000
0.07049405	12.000000
0.0802917	12.000000
0.04932715	12.000000
0.10372788	12.000000
0.09259364	12.000000
0.04258346	12.000000
0.076290466	12.000000
0.15656498	12.000000
0.08676835	12.000000
0.012486204	12.000000
0.07396199	12.000000
0.05676689	12.000000
0.0	12.000000
0.082333565	12.000000
0.04716708	12.000000
0.09514845	12.000000
0.039397255	11.000000
0.05052701	11.000000
0.0	11.000000
0.0	11.000000
0.0	11.000000
0.0023897544	11.000000
-0.012448838	11.000000
-0.030234892	11.000000
-0.014637515	11.000000
0.0	11.000000
0.06178821	11.000000
0.0	11.000000
0.027868684	11.000000
0.0	11.000000
0.0	11.000000
0.09014888	11.000000
0.066753805	11.000000
0.022276992	11.000000
0.009893453	11.000000
0.0	11.000000
0.0	11.000000
0.11827445	11.000000
0.0	11.000000
-0.0009366502	11.000000
0.0	11.000000
0.04301676	11.000000
0.07648503	11.000000
0.0	11.000000
0.050524913	11.000000
0.043781817	11.000000
0.0	11.000000
0.019883282	11.000000
0.025031641	11.000000
0.06165098	11.000000
0.084024675	11.000000
0.0	11.000000
0.0077929185	11.000000
-0.01585743	11.000000
-0.014218145	11.000000
0.12028086	11.000000
0.0	11.000000
0.0	11.000000
0.031626128	11.000000
0.0	11.000000
0.022928357	11.000000
0.070507415	11.000000
-0.0065092817	11.000000
-0.037802055	11.000000
0.073427744	11.000000
0.0	11.000000
0.068209186	11.000000
0.054451462	11.000000
0.21460931	11.000000
0.09362893	11.000000
0.024754932	11.000000
0.015457179	11.000000
0.0	11.000000
0.09954416	11.000000
0.0	11.000000
-0.026236502	11.000000
0.013339918	11.000000
0.09018338	11.000000
0.0	11.000000
0.08415226	11.000000
0.040072322	11.000000
0.11854481	11.000000
-0.012699532	11.000000
0.01888167	11.000000
0.01224072	11.000000
0.08477304	11.000000
0.109219	11.000000
0.0	11.000000
0.056344412	11.000000
0.14424886	11.000000
0.0	11.000000
0.0074516996	11.000000
0.10346368	11.000000
0.016890416	11.000000
0.08512405	11.000000
0.09035645	11.000000
0.03924301	11.000000
0.030206898	10.000000
0.11660253	10.000000
0.03401906	10.000000
0.08091681	10.000000
0.06564248	10.000000
0.08119089	10.000000
0.07556727	10.000000
0.09640043	10.000000
0.0	10.000000
0.07655129	10.000000
0.08860999	10.000000
0.14409396	10.000000
0.07118219	10.000000
-0.02972672	10.000000
0.056097474	10.000000
0.057656143	10.000000
-0.043153998	10.000000
0.07079891	10.000000
0.16480283	10.000000
0.08129277	10.000000
0.101365805	10.000000
0.021209417	10.000000
0.0	10.000000
0.1265365	10.000000
0.07706147	10.000000
0.0032777037	10.000000
0.062174045	10.000000
0.022419835	10.000000
0.028136188	10.000000
0.05706853	10.000000
0.0	10.000000
0.037749033	10.000000
0.016411033	10.000000
0.035074633	10.000000
0.018454738	10.000000
0.021314612	10.000000
-0.014642986	10.000000
0.11501337	10.000000
0.050906435	10.000000
0.016919775	10.000000
0.106155455	10.000000
0.004207897	10.000000
0.13786592	10.000000
0.022589514	10.000000
0.062236696	10.000000
0.0	10.000000
0.06639202	10.000000
-0.013275098	10.000000
0.0113781	10.000000
0.0	10.000000
0.0	10.000000
0.042951915	10.000000
0.020559872	10.000000
0.07583207	10.000000
0.019187313	10.000000
0.02746212	10.000000
0.06270958	10.000000
0.0	10.000000
0.0	10.000000
0.08628753	10.000000
0.0015166558	10.000000
0.12593158	10.000000
0.05752743	10.000000
0.0	10.000000
0.0315768	10.000000
0.05697947	10.000000
0.016000325	10.000000
0.042121537	10.000000
0.055836566	10.000000
0.08904849	10.000000
-0.005165019	10.000000
0.070365846	10.000000
0.036451984	10.000000
0.0	10.000000
0.122022204	10.000000
0.058429103	10.000000
0.087566845	10.000000
0.028725361	10.000000
0.054530263	10.000000
0.012217951	10.000000
-0.008309278	10.000000
0.121754155	10.000000
0.10732681	10.000000
0.032235418	9.000000
0.0	9.000000
0.03366891	9.000000
0.059821516	9.000000
0.030177962	9.000000
0.0151093	9.000000
0.04018338	9.000000
0.0	9.000000
-0.043532696	9.000000
0.047150023	9.000000
0.10333035	9.000000
-0.007883627	9.000000
0.13105868	9.000000
0.05315794	9.000000
0.0053017386	9.000000
0.062365245	9.000000
0.0	9.000000
0.0	9.000000
0.09286718	9.000000
0.0	9.000000
0.07174232	9.000000
0.085400954	9.000000
0.04012928	9.000000
0.0011810586	9.000000
0.0	9.000000
0.086891115	9.000000
0.061027344	9.000000
0.0760972	9.000000
0.0	9.000000
0.067162015	9.000000
0.010333801	9.000000
0.11757059	9.000000
0.06736375	9.000000
0.053876955	9.000000
0.017516624	9.000000
0.08743259	9.000000
0.014055397	9.000000
0.02046997	9.000000
0.05920526	9.000000
0.029078621	9.000000
-0.0067254337	9.000000
0.078559384	9.000000
0.10005734	9.000000
0.0	9.000000
-0.0067767794	9.000000
0.109411985	9.000000
-0.008084694	9.000000
0.07291453	9.000000
0.0	9.000000
0.06514377	9.000000
0.0	9.000000
0.02554404	9.000000
0.08337424	9.000000
-0.056390077	9.000000
0.046303675	9.000000
0.08659767	9.000000
0.006417663	9.000000
0.06539492	9.000000
0.0	9.000000
0.0	9.000000
0.08345248	9.000000
0.04806599	9.000000
0.1280107	9.000000
0.09782795	9.000000
-0.018135123	9.000000
0.0	9.000000
0.053926665	9.000000
0.0036221617	9.000000
0.0	9.000000
0.044451255	9.000000
0.016342714	9.000000
0.022661075	9.000000
0.036951948	9.000000
-0.033130452	9.000000
0.0	9.000000
0.041987658	9.000000
0.13569325	9.000000
0.04871523	9.000000
0.10607648	9.000000
0.09765301	9.000000
0.057136957	9.000000
0.047023028	9.000000
0.015237416	9.000000
0.044320177	8.000000
-0.0075423485	8.000000
0.014782479	8.000000
-0.0076960474	8.000000
0.0	8.000000
-0.0031856275	8.000000
0.11568701	8.000000
0.0	8.000000
-0.0385567	8.000000
0.05281752	8.000000
0.0	8.000000
0.107210346	8.000000
0.0803629	8.000000
0.073565766	8.000000
0.031516496	8.000000
0.07184469	8.000000
-0.042361103	8.000000
0.03408315	8.000000
0.054481946	8.000000
0.06125632	8.000000
0.048973802	8.000000
0.1086576	8.000000
0.11908588	8.000000
0.10046684	8.000000
0.0	8.000000
0.13209064	8.000000
0.024251977	8.000000
-0.046138458	8.000000
0.07755346	8.000000
0.029047227	8.000000
0.10692174	8.000000
0.027088054	8.000000
0.16585298	8.000000
-0.0030172004	8.000000
0.0	8.000000
0.03639519	8.000000
-0.05811073	8.000000
0.08996296	8.000000
0.1777113	8.000000
0.104594566	8.000000
0.0	8.000000
-0.040216345	8.000000
0.043697797	8.000000
-0.023512462	8.000000
0.0	8.000000
0.121854395	8.000000
0.10349115	8.000000
0.019595543	8.000000
0.12751119	8.000000
0.060177926	8.000000
0.0	8.000000
0.0056628115	8.000000
-0.022170056	8.000000
0.09597616	8.000000
0.0	8.000000
0.011056557	8.000000
0.07023919	7.000000
0.060212202	7.000000
0.05265566	7.000000
0.13395983	7.000000
0.0	7.000000
0.032089345	7.000000
0.0	7.000000
0.048799515	7.000000
0.02249428	7.000000
0.07722983	7.000000
0.0	7.000000
0.0	7.000000
0.060029376	7.000000
0.0	7.000000
-5.3846183e-05	7.000000
0.10663251	7.000000
0.0915214	7.000000
0.055320326	7.000000
0.018766407	7.000000
0.0	7.000000
0.062420607	7.000000
0.07535114	7.000000
0.0	7.000000
0.12710467	7.000000
0.030636443	7.000000
0.09580433	7.000000
0.056668576	7.000000
0.039676968	7.000000
0.0	7.000000
-0.0097092595	7.000000
0.032068152	7.000000
0.11600811	7.000000
-0.005342349	7.000000
0.030888816	7.000000
0.011723126	7.000000
0.12520677	7.000000
0.051394045	7.000000
0.0	7.000000
0.13943972	7.000000
0.09275683	7.000000
0.06535715	7.000000
0.060839064	7.000000
0.0	7.000000
0.0	7.000000
0.0661609	7.000000
0.09666373	7.000000
0.05375892	7.000000
0.12182507	7.000000
0.037884027	7.000000
0.09347433	7.000000
0.008487582	7.000000
0.0	7.000000
0.05977256	7.000000
0.09798105	7.000000
0.13290547	7.000000
0.0028517293	7.000000
0.0	7.000000
0.03194107	7.000000
0.06635066	7.000000
0.017776133	7.000000
0.0	7.000000
-0.00059947104	7.000000
0.081348255	7.000000
0.0	7.000000
0.0	7.000000
0.06320267	7.000000
0.0	7.000000
0.082909085	7.000000
0.020328078	7.000000
0.054127414	7.000000
0.088329226	7.000000
0.0	7.000000
0.07945647	7.000000
0.005490344	7.000000
0.14225231	7.000000
0.0	7.000000
0.09057848	7.000000
0.009825051	7.000000
0.04446111	7.000000
-0.009048777	7.000000
0.03153327	7.000000
0.070880465	7.000000
0.08323962	7.000000
-0.0087642055	6.000000
-0.036785867	6.000000
0.062744215	6.000000
0.18108723	6.000000
0.11221268	6.000000
0.04303579	6.000000
0.13115439	6.000000
0.036036957	6.000000
-0.008022582	6.000000
0.0	6.000000
0.047502007	6.000000
-0.0050308327	6.000000
0.0031088574	6.000000
-0.032656725	6.000000
0.11889827	6.000000
0.10435065	6.000000
-0.03569281	6.000000
0.0	6.000000
-0.04284698	6.000000
0.035403974	6.000000
0.016283019	6.000000
0.0	6.000000
0.0952397	6.000000
0.0	6.000000
0.049194038	6.000000
0.01768141	6.000000
0.08915309	6.000000
0.021283014	6.000000
0.0	6.000000
0.0	6.000000
0.030679407	6.000000
-0.002080537	6.000000
0.030509561	6.000000
0.0105644055	6.000000
0.0247953	6.000000
0.026231483	6.000000
0.05436258	6.000000
0.10900101	6.000000
-0.045750782	6.000000
0.025299318	6.000000
0.10165738	6.000000
-0.0057952283	6.000000
0.05348678	6.000000
0.053730465	6.000000
0.0	6.000000
0.041114178	6.000000
-0.045667324	6.000000
0.0	6.000000
0.022054285	6.000000
0.046622902	6.000000
0.026895732	6.000000
0.0	6.000000
0.012160934	6.000000
0.055022653	6.000000
-0.0013223437	6.000000
0.0	6.000000
0.06300163	6.000000
0.054724135	5.000000
0.11907991	5.000000
-0.005879769	5.000000
0.08924891	5.000000
0.10159625	5.000000
0.0	5.000000
0.073709	5.000000
0.02922194	5.000000
0.024329439	5.000000
0.030882161	5.000000
0.09631633	5.000000
0.0	5.000000
0.0	5.000000
0.06683697	5.000000
0.019008096	5.000000
0.09366054	5.000000
0.0	5.000000
0.0	5.000000
0.017114477	5.000000
0.087845944	5.000000
-0.02857674	5.000000
0.0	5.000000
0.077301994	5.000000
0.0	5.000000
0.08871819	5.000000
0.055869516	5.000000
0.0	5.000000
0.12627178	5.000000
0.0	5.000000
0.07305662	5.000000
0.0	5.000000
0.036988433	5.000000
0.010902177	5.000000
0.07780788	5.000000
0.08584467	5.000000
0.038497124	5.000000
0.0	5.000000
0.0	5.000000
0.009832902	5.000000
-0.00035268557	5.000000
0.03971302	5.000000
0.05528913	5.000000
0.0	5.000000
0.0	5.000000
0.0	5.000000
0.0	5.000000
0.032019924	5.000000
0.05261035	5.000000
0.027398389	5.000000
0.046274517	5.000000
0.043919582	5.000000
0.005500553	5.000000
0.03434036	5.000000
0.013119629	5.000000
0.0	5.000000
0.050524287	5.000000
0.12647268	5.000000
0.091150634	5.000000
0.04740336	5.000000
0.06063159	5.000000
0.07897861	5.000000
0.101321585	5.000000
0.07617044	5.000000
0.026477572	4.000000
0.08510576	4.000000
0.0	4.000000
0.013388046	4.000000
0.08329845	4.000000
0.0	4.000000
0.0	4.000000
0.109478086	4.000000
0.026624264	4.000000
0.0	4.000000
0.0	4.000000
0.0	4.000000
0.042830255	4.000000
0.13218355	4.000000
0.15235612	4.000000
0.0	4.000000
0.020769237	4.000000
0.053237103	4.000000
0.0	4.000000
0.009757635	4.000000
0.06727506	4.000000
0.0	4.000000
0.0	4.000000
0.08976649	4.000000
0.0	4.000000
0.06884496	4.000000
0.0	4.000000
0.019706693	4.000000
0.078746915	4.000000
0.074036494	4.000000
0.0	4.000000
0.0639226	4.000000
0.10712286	4.000000
0.05527943	3.000000
-0.015748097	3.000000
0.06505995	3.000000
0.04630909	3.000000
0.015190836	3.000000
0.0	3.000000
0.09927435	3.000000
0.070768625	3.000000
0.020513693	3.000000
0.0	3.000000
0.009713583	3.000000
0.09921279	3.000000
-0.06874493	3.000000
0.0	3.000000
0.0896772	3.000000
0.05759072	3.000000
0.0	3.000000
0.0	3.000000
0.0	2.000000
0.0	2.000000
-0.041491095	2.000000
0.07221288	2.000000
0.105002835	2.000000
0.0	2.000000
0.07276325	2.000000
0.08628148	2.000000
0.08468912	1.000000
0.0	1.000000
0.011199581	1.000000
0.0	1.000000
0.0	1.000000
0.0	1.000000
0.14672416	0.000000
